-- Adminer 4.0.3 MySQL dump

SET NAMES utf8;
SET foreign_key_checks = 0;
SET time_zone = '+02:00';
SET sql_mode = 'NO_AUTO_VALUE_ON_ZERO';

DROP TABLE IF EXISTS `dqi_classifications`;
CREATE TABLE `dqi_classifications` (
  `id` int(10) unsigned NOT NULL AUTO_INCREMENT,
  `section` int(10) unsigned NOT NULL,
  `score` tinyint(3) unsigned NOT NULL,
  `name` varchar(255) COLLATE utf8_unicode_ci NOT NULL,
  PRIMARY KEY (`id`),
  KEY `section` (`section`),
  CONSTRAINT `dqi_classifications_ibfk_2` FOREIGN KEY (`section`) REFERENCES `dqi_sections` (`id`) ON DELETE CASCADE ON UPDATE CASCADE
) ENGINE=InnoDB DEFAULT CHARSET=utf8 COLLATE=utf8_unicode_ci;

INSERT INTO `dqi_classifications` (`id`, `section`, `score`, `name`) VALUES
(1,	1,	1,	'Verified data based on measurements'),
(2,	1,	2,	'Verified data partly based on assumptions or non-verified data based on measurements'),
(3,	1,	3,	'Non-verified data partly based on assumptions'),
(4,	1,	4,	'Qualified estimate (e.g. by industrial expert)'),
(5,	1,	5,	'Non-qualified estimate or unknown origin'),
(6,	2,	1,	'Representative data from a sufficient sample of sites over an adequate period to even out normal fluctuations'),
(7,	2,	2,	'Representative data from a smaller number of sites but for adequate periods'),
(8,	2,	3,	'Representative data from an adequate number of sites but from shorter periods'),
(9,	2,	4,	'Representative data but from a smaller number of sites and shorter periods or incomplete data from an adequate number of sites and periods'),
(10,	2,	5,	'Representativeness unknown or incomplete data from a smaller number of sites and/or from shorter periods'),
(11,	3,	1,	'Time period is equal to the period of study'),
(12,	3,	2,	'Less than one year of difference to year of study'),
(13,	3,	3,	'Less than three years of difference to year of study'),
(14,	3,	4,	'Less than five years of difference to year of study'),
(15,	3,	5,	'Age of data unknown or more than five years of difference'),
(16,	4,	1,	'Data from area under study'),
(17,	4,	2,	'Average date from larger area in which the area under study is included'),
(18,	4,	3,	'Data from area with similar production conditions'),
(19,	4,	4,	'Data from area with slightly similar production conditions'),
(20,	4,	5,	'Data from unknown area or area with very different production conditions'),
(21,	5,	1,	'Data from enterprises, processes, and materials under study'),
(22,	5,	2,	'Data from processes and materials under study but from different enterprises'),
(23,	5,	3,	'Data from processes and materials under study but from different technology'),
(24,	5,	4,	'Data on related processes or materials but same technology'),
(25,	5,	5,	'Data on related processes or materials but different technology'),
(26,	6,	1,	'Publicly and readily available data that requires little to no additional calculation'),
(27,	6,	2,	'Data not readily available (e.g. only after specifically requesting it from authorities) that requires little to no additional calculation'),
(28,	6,	3,	'Publicly and readily available data that requires additional calculation'),
(29,	6,	4,	'Data not readily available (e.g. only after specifically requesting it from authorities) that requires additional calculation'),
(30,	6,	5,	'Data is very difficult to obtain, if at all possible'),
(121,	20,	1,	'Verified data based on measurements'),
(122,	20,	2,	'Verified data partly based on assumptions or non-verified data based on measurements'),
(123,	20,	3,	'Non-verified data partly based on assumptions'),
(124,	20,	4,	'Qualified estimate (e.g. by industrial expert)'),
(125,	20,	5,	'Non-qualified estimate or unknown origin'),
(128,	21,	1,	'Representative data from a sufficient sample of sites over an adequate period to even out normal fluctuations'),
(129,	21,	2,	'Representative data from a smaller number of sites but for adequate periods'),
(130,	21,	3,	'Representative data from an adequate number of sites but from shorter periods'),
(131,	21,	4,	'Representative data but from a smaller number of sites and shorter periods or incomplete data from an adequate number of sites and periods'),
(132,	21,	5,	'Representativeness unknown or incomplete data from a smaller number of sites and/or from shorter periods'),
(135,	22,	1,	'Time period is equal to the period of study'),
(136,	22,	2,	'Less than one year of difference to year of study'),
(137,	22,	3,	'Less than three years of difference to year of study'),
(138,	22,	4,	'Less than five years of difference to year of study'),
(139,	22,	5,	'Age of data unknown or more than five years of difference'),
(142,	23,	1,	'Data from area under study'),
(143,	23,	2,	'Average date from larger area in which the area under study is included'),
(144,	23,	3,	'Data from area with similar production conditions'),
(145,	23,	4,	'Data from area with slightly similar production conditions'),
(146,	23,	5,	'Data from unknown area or area with very different production conditions'),
(149,	24,	1,	'Data from enterprises, processes, and materials under study'),
(150,	24,	2,	'Data from processes and materials under study but from different enterprises'),
(151,	24,	3,	'Data from processes and materials under study but from different technology'),
(152,	24,	4,	'Data on related processes or materials but same technology'),
(153,	24,	5,	'Data on related processes or materials but different technology'),
(156,	25,	1,	'Publicly and readily available data that requires little to no additional calculation'),
(157,	25,	2,	'Data not readily available (e.g. only after specifically requesting it from authorities) that requires little to no additional calculation'),
(158,	25,	3,	'Publicly and readily available data that requires additional calculation'),
(159,	25,	4,	'Data not readily available (e.g. only after specifically requesting it from authorities) that requires additional calculation'),
(160,	25,	5,	'Data is very difficult to obtain, if at all possible');

DROP TABLE IF EXISTS `dqi_sections`;
CREATE TABLE `dqi_sections` (
  `id` int(10) unsigned NOT NULL AUTO_INCREMENT,
  `name` varchar(255) COLLATE utf8_unicode_ci NOT NULL,
  `dataset` int(10) unsigned DEFAULT NULL,
  PRIMARY KEY (`id`),
  KEY `dataset` (`dataset`),
  CONSTRAINT `dqi_sections_ibfk_1` FOREIGN KEY (`dataset`) REFERENCES `mfa_dataset` (`id`)
) ENGINE=InnoDB DEFAULT CHARSET=utf8 COLLATE=utf8_unicode_ci;

INSERT INTO `dqi_sections` (`id`, `name`, `dataset`) VALUES
(1,	'Reliability',	NULL),
(2,	'Completeness',	NULL),
(3,	'Temporal correlation',	NULL),
(4,	'Geographical correlation',	NULL),
(5,	'Further technological correlation',	NULL),
(6,	'Access',	NULL),
(20,	'Reliability',	1),
(21,	'Completeness',	1),
(22,	'Temporal correlation',	1),
(23,	'Geographical correlation',	1),
(24,	'Further technological correlation',	1),
(25,	'Access',	1);

DROP TABLE IF EXISTS `keywords`;
CREATE TABLE `keywords` (
  `id` smallint(5) unsigned NOT NULL AUTO_INCREMENT,
  `keyword` varchar(255) COLLATE utf8_unicode_ci NOT NULL,
  PRIMARY KEY (`id`)
) ENGINE=InnoDB DEFAULT CHARSET=utf8 COLLATE=utf8_unicode_ci;

INSERT INTO `keywords` (`id`, `keyword`) VALUES
(375,	'electricity'),
(376,	'energy use'),
(377,	'environmental impact'),
(378,	'industrial ecology'),
(379,	'material flow analysis (MFA)'),
(380,	'soaps'),
(381,	'agriculture'),
(382,	'biomass'),
(383,	'food production'),
(384,	'materials flow analysis (MFA)'),
(385,	'phytomass'),
(386,	'ruminants'),
(387,	'life cycle assessment (LCA)'),
(388,	'multiattribute utility theory (MAUT)'),
(389,	'normalization'),
(390,	'plastics recycling'),
(391,	'recycling'),
(392,	'disaggregation'),
(393,	'European Union'),
(394,	'resource management'),
(395,	'urban planning'),
(396,	'aluminum'),
(397,	'automobile'),
(398,	'dynamic modeling'),
(399,	'decarbonization'),
(400,	'dematerialization'),
(401,	'driving force&minuspressure&minusstate&minusresponse (DPSR) model'),
(402,	'economy-wide material flow analysis (EW-MFA)'),
(403,	'urban sustainability'),
(404,	'batteries'),
(405,	'multi-attribute utility theory (MAUT)'),
(406,	'radio frequency identification device (RFID)'),
(407,	'carbon dioxide'),
(408,	'cement'),
(409,	'forest products'),
(410,	'materials flow analysis'),
(411,	'petrochemicals'),
(412,	'steel'),
(413,	'indicators'),
(414,	'natural resources'),
(415,	'physical accounting'),
(416,	'resource productivity'),
(417,	'consumption'),
(418,	'resource extraction'),
(419,	'sustainable resource use'),
(420,	'global cities'),
(421,	'sustainable cities'),
(422,	'urban environment'),
(423,	'urban metabolism'),
(424,	'chlorine'),
(425,	'chlorine balance in the Netherlands'),
(426,	'industrial metabolism'),
(427,	'materials accounting'),
(428,	'risk assessment'),
(429,	'substance flow analysis'),
(430,	'buildings'),
(431,	'durable goods'),
(432,	'infrastructure'),
(433,	'China'),
(434,	'emission reduction'),
(435,	'steel industry'),
(436,	'sulfur dioxide (SO<sub>2</sub>)'),
(437,	'dental amalgam'),
(438,	'heavy metals'),
(439,	'integrated product policy (IPP)'),
(440,	'toxic releases'),
(441,	'impact assessment'),
(442,	'learning curves'),
(443,	'technological development'),
(444,	'economic structure'),
(445,	'income level'),
(446,	'international trade'),
(447,	'population density'),
(448,	'dysprosium (Dy)'),
(449,	'praseodymium (Pr)'),
(450,	'neodymium (Nd)'),
(451,	'terbium (Tb)'),
(452,	'automobiles'),
(453,	'Caribbean'),
(454,	'developing countries'),
(455,	'small island states'),
(456,	'sustainable consumption'),
(457,	'regional sustainability'),
(458,	'environmental input-output'),
(459,	'mass balance'),
(460,	'CFCs'),
(461,	'global warming'),
(462,	'life-cycle impact assessment'),
(463,	'refrigeration'),
(464,	'efficiency'),
(465,	'industrial engineering'),
(466,	'scarcity'),
(467,	'brominated flame retardants (BFRs)'),
(468,	'lead'),
(469,	'waste management'),
(470,	'pulp and paper'),
(471,	'quasi-dynamic modeling'),
(472,	'technological change'),
(473,	'wastepaper recycling'),
(474,	'emergy synthesis'),
(475,	'land use'),
(476,	'material flow analysis'),
(477,	'sprawl'),
(478,	'incineration'),
(479,	'mechanical-biological treatment (MBT)'),
(480,	'municipal solid waste (MSW)'),
(481,	'economy-wide materials flow accounting and analysis (EW-MFA)'),
(482,	'resource use indicators'),
(483,	'sustainability'),
(484,	'mercury'),
(485,	'data mining'),
(486,	'input-output model'),
(487,	'cooperative approaches'),
(488,	'economy-wide material flow'),
(489,	'analysis (EW-MFA)'),
(490,	'pollution prevention (P2)'),
(491,	'food'),
(492,	'solid waste'),
(493,	'wastewater'),
(494,	'Argentina'),
(495,	'ecologically unequal exchange'),
(496,	'extractive economies'),
(497,	'social metabolism'),
(498,	'environmental information'),
(499,	'government decision making'),
(500,	'government statistics'),
(501,	'natural resource sustainability'),
(502,	'concrete'),
(503,	'greenhouse gas (GHG) emissions'),
(504,	'polyvinyl chloride (PVC)'),
(505,	'production and consumption'),
(506,	'societal metabolism'),
(507,	'trade and environment'),
(508,	'chemical manufacturing'),
(509,	'forest products industry'),
(510,	'integrated chain management'),
(511,	'resource efficiency'),
(512,	'vintage effects'),
(513,	'metal trade in products (MTP)'),
(514,	'resource use'),
(515,	'semi-manufactured and finished'),
(516,	'products'),
(517,	'end uses'),
(518,	'material cycles'),
(519,	'metals'),
(520,	'substance flow analysis (SFA)'),
(521,	'urban water supply'),
(522,	'water pipeline networks'),
(523,	'liberalization'),
(524,	'Latin America'),
(525,	'physical trade balance'),
(526,	'cleaner production'),
(527,	'palladium'),
(528,	'platinum'),
(529,	'rhodium'),
(530,	'industrialization'),
(531,	'intellectual history'),
(532,	'physical economy'),
(533,	'social ecology'),
(534,	'social theory'),
(535,	'construction aggregate'),
(536,	'glass containers'),
(537,	'recycling collection'),
(538,	'carbon footprint'),
(539,	'city-scale greenhouse gas (GHG) emissions'),
(540,	'emissions accounting'),
(541,	'trans-boundary greenhouse gases (GHGs)'),
(542,	'basic industries'),
(543,	'physical input-output model (PIOT)'),
(544,	'vintage model'),
(545,	'reuse'),
(546,	'scrap tires'),
(547,	'sustainable development'),
(548,	'waste rubber'),
(549,	'energy accounting'),
(550,	'energy analysis'),
(551,	'energy statistics'),
(552,	'nutrition'),
(553,	'action-in-context'),
(554,	'actor-based analysis'),
(555,	'swidden agriculture'),
(556,	'Vietnam'),
(557,	'input-output analysis'),
(558,	'socioeconomic metabolism'),
(559,	'decomposition analysis'),
(560,	'factor index'),
(561,	'immaterialization'),
(562,	'rebound effect'),
(563,	'lifespan distribution'),
(564,	'product life extension'),
(565,	'waste prevention'),
(566,	'consequential LCA'),
(567,	'dynamic input-output analysis'),
(568,	'dynamic stock model'),
(569,	'perpetual inventory method'),
(570,	'hybrid model'),
(571,	'input&ndashoutput analysis (IOA)'),
(572,	'plastic'),
(573,	'dynamic stock simulation'),
(574,	'synergy'),
(575,	'system analysis'),
(576,	'materials flows'),
(577,	'soil contamination'),
(578,	'chemical oxygen demand(COD)'),
(579,	'environment'),
(580,	'life-cycle assessment(LCA)'),
(581,	'materials flow analysis(MFA)'),
(582,	'nutrient flows'),
(583,	'sewage systems'),
(584,	'phosphate'),
(585,	'phosphoric acid'),
(586,	'substance flow accounting (SFA)'),
(587,	'environmental management systems (EMSs)'),
(588,	'materials flow accounting (MFA)'),
(589,	'soil quality management'),
(590,	'lifespan of commodities'),
(591,	'material stock accounting (MSA)'),
(592,	'methods'),
(593,	'environmental input-output analysis'),
(594,	'globalization'),
(595,	'material flow accounting (MFA)'),
(596,	'raw material equivalents (RME)'),
(597,	'resource use indicator'),
(598,	'material intensity'),
(599,	'substitution'),
(600,	'allocation'),
(601,	'energy consumption'),
(602,	'material consumption'),
(603,	'CdTe'),
(604,	'CIGS'),
(605,	'life cycle costs'),
(606,	'material efficiency'),
(607,	'domestic material consumption (DMC)'),
(608,	'trade'),
(609,	'urbanization'),
(610,	'construction materials'),
(611,	'regional MFA'),
(612,	'urban sprawl'),
(613,	'consumer durables'),
(614,	'lifespan extension'),
(615,	'direct material input (DMI)'),
(616,	'domestic processed output (DPO)'),
(617,	'vehicles'),
(618,	'Eco Management and Auditing Scheme (EMAS)'),
(619,	'ecodesign'),
(620,	'environmental management system (EMS)'),
(621,	'material input per service unit (MIPS)'),
(622,	'small- and medium-sized enterprises (SMEs)'),
(623,	'economic growth'),
(624,	'material use intensity'),
(625,	'environmental impacts'),
(626,	'life-cycle assessment (LCA)'),
(627,	'materials'),
(628,	'environmental indicator'),
(629,	'sound material-cycle society'),
(630,	'Group of Eight (G8)'),
(631,	'mining'),
(632,	'structural decomposition analysis'),
(633,	'chlorine flows in the Netherlands'),
(634,	'precautionery principle'),
(635,	'direct material consumption (DMC)'),
(636,	'direct material inputs (DMI)'),
(637,	'environmental accounts'),
(638,	'exports'),
(639,	'building material'),
(640,	'CO<sub>2</sub> emissions'),
(641,	'environmental impact assessment'),
(642,	'environmental indicators'),
(643,	'total material requirement (TMR)'),
(644,	'energy flow analysis (EFA)'),
(645,	'human appropriation of net primary productivity (HANPP)'),
(646,	'e-supplement available on the JIE'),
(647,	'website'),
(648,	'lead-acid battery'),
(649,	'top-down approach'),
(650,	'arable soils'),
(651,	'cadmium'),
(652,	'exhaustible resource'),
(653,	'zinc production'),
(654,	'aluminum recycling'),
(655,	'collection rate'),
(656,	'recovery efficiency'),
(657,	'explorative scenarios'),
(658,	'nanomaterials'),
(659,	'nanotechnology'),
(660,	'lifetime distribution'),
(661,	'probability of failure'),
(662,	'input&minusoutput analysis (IOA)'),
(663,	'raw material consumption'),
(664,	'hybrid life cycle assessment (hybrid LCA)'),
(665,	'input-output analysis (IOA)'),
(666,	'RMC'),
(667,	'embodied emissions'),
(668,	'raw material equivalent'),
(669,	'construction and demolition waste'),
(670,	'hidden materials flow'),
(671,	'landform change'),
(672,	'construction stocks'),
(673,	'stock and flow modeling'),
(674,	'resource flows'),
(675,	'material flow accounting'),
(676,	'gross domestic product (GDP)'),
(677,	'total material consumption (TMC)'),
(678,	'mass fiow analysis'),
(679,	'attribution'),
(680,	'reverse formulation'),
(681,	'water quality'),
(682,	'economy-wide material flow analysis'),
(683,	'(EW-MFA)'),
(684,	'hidden material flow (HF)'),
(685,	'potentially environmentally relevant'),
(686,	'flows (PERF)'),
(687,	'Spain'),
(688,	'tin capsules'),
(689,	'metabolism'),
(690,	'raw material extraction'),
(691,	'indirect flows'),
(692,	'material productivity'),
(693,	'environmental accounting'),
(694,	'materials flows accounting (MFA)'),
(695,	'National Accounting Matrix including'),
(696,	'Environmental Accounts (NAMEA)'),
(697,	'physical input-output tables (PIOT)'),
(698,	'system of national accounts (SNA)'),
(699,	'valuation'),
(700,	'end-of-life vehicles (ELVs)'),
(701,	'iron and steel scrap'),
(702,	'metal recycling'),
(703,	'waste input output material'),
(704,	'flow analysis (WIO-MFA)'),
(705,	'cross-national comparisons'),
(706,	'energy'),
(707,	'Energy Analysis Program (EAP)'),
(708,	'environmental load'),
(709,	'landfills'),
(710,	'fluorine cycle'),
(711,	'fluorine emissions'),
(712,	'resource accounting'),
(713,	'mathematical materials flow analysis (MMFA)'),
(714,	'carpet'),
(715,	'environmental metrics'),
(716,	'input-output analysis (I-OA)'),
(717,	'ecological modeling'),
(718,	'flow modeling'),
(719,	'flow tracing'),
(720,	'bulk-materials flow analysis (MFA)'),
(721,	'materials efficiency'),
(722,	'biomaterials\r\nbiorefinery\r\nindustrial symbiosis\r\nKalundborg\r\nrenewable resource\r\nsugarcane ethanol'),
(723,	'megacity biogeochemistry, city succession, industrial metabolism, air\r\npollution, system simulations'),
(724,	'Cities\r\nEnergy\r\nMaterials\r\nWaste\r\nUrban planning\r\nUrban design\r\nGreenhouse gas emissions\r\nSustainability indicators'),
(725,	'industrial ecology\r\npolitical economy\r\nsocial ecology\r\nurban ecology\r\nurban metabolism\r\nurban planning'),
(726,	'Emergy synthesis Urban metabolism Flux and structures Intensity and efficiency Density'),
(727,	'Methodological pluralism Urban sustainability indicators Energy flow accounting Energy metabolism Ecological footprint analysis'),
(728,	'domestic material consumption\r\n(DMC)\r\nindustrial ecology\r\nmaterial balance\r\nresource management\r\nsustainable city\r\nurban planning'),
(729,	'Material flow analysis (MFA), regional development, environmental\r\nindicators, sustainability.');

DROP TABLE IF EXISTS `keywords_papers`;
CREATE TABLE `keywords_papers` (
  `id` mediumint(8) unsigned NOT NULL AUTO_INCREMENT,
  `keyword` smallint(5) unsigned NOT NULL,
  `paper` int(11) NOT NULL,
  PRIMARY KEY (`id`),
  KEY `paper` (`paper`),
  KEY `keyword` (`keyword`),
  CONSTRAINT `keywords_papers_ibfk_1` FOREIGN KEY (`keyword`) REFERENCES `keywords` (`id`) ON DELETE CASCADE ON UPDATE CASCADE,
  CONSTRAINT `keywords_papers_ibfk_2` FOREIGN KEY (`paper`) REFERENCES `papers` (`id`) ON DELETE CASCADE ON UPDATE CASCADE
) ENGINE=InnoDB DEFAULT CHARSET=utf8 COLLATE=utf8_unicode_ci;

INSERT INTO `keywords_papers` (`id`, `keyword`, `paper`) VALUES
(759,	375,	1),
(760,	376,	1),
(761,	377,	1),
(762,	378,	1),
(763,	379,	1),
(764,	380,	1),
(765,	381,	2),
(766,	382,	2),
(767,	383,	2),
(768,	384,	2),
(769,	385,	2),
(770,	386,	2),
(771,	387,	3),
(772,	379,	3),
(773,	388,	3),
(774,	389,	3),
(775,	390,	3),
(776,	391,	3),
(777,	392,	4),
(778,	393,	4),
(779,	378,	4),
(780,	379,	4),
(781,	394,	4),
(782,	395,	4),
(783,	396,	5),
(784,	397,	5),
(785,	398,	5),
(786,	376,	5),
(787,	378,	5),
(788,	379,	5),
(789,	399,	6),
(790,	400,	6),
(791,	401,	6),
(792,	402,	6),
(793,	378,	6),
(794,	403,	6),
(795,	404,	7),
(796,	378,	7),
(797,	379,	7),
(798,	405,	7),
(799,	406,	7),
(800,	391,	7),
(801,	407,	8),
(802,	408,	8),
(803,	409,	8),
(804,	410,	8),
(805,	411,	8),
(806,	412,	8),
(807,	378,	9),
(808,	413,	9),
(809,	379,	9),
(810,	414,	9),
(811,	415,	9),
(812,	416,	9),
(813,	417,	10),
(814,	378,	10),
(815,	384,	10),
(816,	414,	10),
(817,	418,	10),
(818,	419,	10),
(819,	420,	11),
(820,	378,	11),
(821,	384,	11),
(822,	421,	11),
(823,	422,	11),
(824,	423,	11),
(825,	424,	12),
(826,	425,	12),
(827,	426,	12),
(828,	427,	12),
(829,	428,	12),
(830,	429,	12),
(831,	430,	13),
(832,	431,	13),
(833,	402,	13),
(834,	378,	13),
(835,	426,	13),
(836,	432,	13),
(837,	433,	14),
(838,	434,	14),
(839,	378,	14),
(840,	379,	14),
(841,	435,	14),
(842,	436,	14),
(843,	437,	15),
(844,	438,	15),
(845,	378,	15),
(846,	439,	15),
(847,	384,	15),
(848,	440,	15),
(849,	441,	16),
(850,	378,	16),
(851,	442,	16),
(852,	379,	16),
(853,	419,	16),
(854,	443,	16),
(855,	444,	17),
(856,	402,	17),
(857,	445,	17),
(858,	378,	17),
(859,	446,	17),
(860,	447,	17),
(861,	448,	18),
(862,	378,	18),
(863,	379,	18),
(864,	449,	18),
(865,	450,	18),
(866,	451,	18),
(867,	452,	19),
(868,	453,	19),
(869,	454,	19),
(870,	378,	19),
(871,	379,	19),
(872,	455,	19),
(873,	456,	20),
(874,	384,	20),
(875,	457,	20),
(876,	458,	20),
(877,	400,	20),
(878,	459,	20),
(879,	460,	21),
(880,	461,	21),
(881,	462,	21),
(882,	427,	21),
(883,	463,	21),
(884,	429,	21),
(885,	464,	22),
(886,	376,	22),
(887,	378,	22),
(888,	465,	22),
(889,	379,	22),
(890,	466,	22),
(891,	396,	23),
(892,	467,	23),
(893,	438,	23),
(894,	468,	23),
(895,	384,	23),
(896,	469,	23),
(897,	409,	24),
(898,	384,	24),
(899,	470,	24),
(900,	471,	24),
(901,	472,	24),
(902,	473,	24),
(903,	474,	25),
(904,	378,	25),
(905,	475,	25),
(906,	476,	25),
(907,	477,	25),
(908,	423,	25),
(909,	478,	26),
(910,	378,	26),
(911,	379,	26),
(912,	479,	26),
(913,	480,	26),
(914,	391,	26),
(915,	433,	27),
(916,	481,	27),
(917,	378,	27),
(918,	426,	27),
(919,	482,	27),
(920,	483,	27),
(921,	424,	28),
(922,	426,	28),
(923,	459,	28),
(924,	427,	28),
(925,	484,	28),
(926,	429,	28),
(927,	433,	29),
(928,	485,	29),
(929,	486,	29),
(930,	379,	29),
(931,	423,	29),
(932,	378,	29),
(933,	487,	30),
(934,	488,	30),
(935,	489,	30),
(936,	434,	30),
(937,	378,	30),
(938,	459,	30),
(939,	490,	30),
(940,	491,	31),
(941,	478,	31),
(942,	378,	31),
(943,	379,	31),
(944,	492,	31),
(945,	493,	31),
(946,	494,	32),
(947,	495,	32),
(948,	496,	32),
(949,	378,	32),
(950,	379,	32),
(951,	497,	32),
(952,	498,	33),
(953,	499,	33),
(954,	500,	33),
(955,	378,	33),
(956,	379,	33),
(957,	501,	33),
(958,	502,	34),
(959,	503,	34),
(960,	378,	34),
(961,	387,	34),
(962,	379,	34),
(963,	504,	34),
(964,	378,	35),
(965,	379,	35),
(966,	505,	35),
(967,	394,	35),
(968,	506,	35),
(969,	507,	35),
(970,	460,	36),
(971,	508,	36),
(972,	424,	36),
(973,	426,	36),
(974,	427,	36),
(975,	429,	36),
(976,	398,	37),
(977,	509,	37),
(978,	510,	37),
(979,	384,	37),
(980,	511,	37),
(981,	512,	37),
(982,	378,	38),
(983,	379,	38),
(984,	513,	38),
(985,	391,	38),
(986,	514,	38),
(987,	515,	38),
(988,	516,	38),
(989,	517,	39),
(990,	378,	39),
(991,	518,	39),
(992,	519,	39),
(993,	394,	39),
(994,	520,	39),
(995,	378,	40),
(996,	432,	40),
(997,	387,	40),
(998,	379,	40),
(999,	521,	40),
(1000,	522,	40),
(1001,	496,	42),
(1002,	378,	42),
(1003,	523,	42),
(1004,	524,	42),
(1005,	379,	42),
(1006,	525,	42),
(1007,	526,	43),
(1008,	378,	43),
(1009,	379,	43),
(1010,	527,	43),
(1011,	528,	43),
(1012,	529,	43),
(1013,	378,	44),
(1014,	530,	44),
(1015,	379,	44),
(1016,	514,	44),
(1017,	497,	44),
(1018,	483,	44),
(1019,	426,	45),
(1020,	531,	45),
(1021,	476,	45),
(1022,	532,	45),
(1023,	533,	45),
(1024,	534,	45),
(1025,	535,	46),
(1026,	536,	46),
(1027,	378,	46),
(1028,	379,	46),
(1029,	391,	46),
(1030,	537,	46),
(1031,	538,	47),
(1032,	539,	47),
(1033,	540,	47),
(1034,	378,	47),
(1035,	379,	47),
(1036,	541,	47),
(1037,	542,	48),
(1038,	426,	48),
(1039,	459,	48),
(1040,	379,	48),
(1041,	543,	48),
(1042,	544,	48),
(1043,	378,	49),
(1044,	379,	49),
(1045,	545,	49),
(1046,	546,	49),
(1047,	547,	49),
(1048,	548,	49),
(1049,	382,	50),
(1050,	549,	50),
(1051,	550,	50),
(1052,	551,	50),
(1053,	410,	50),
(1054,	552,	50),
(1055,	553,	51),
(1056,	554,	51),
(1057,	378,	51),
(1058,	384,	51),
(1059,	555,	51),
(1060,	556,	51),
(1061,	433,	52),
(1062,	378,	52),
(1063,	426,	52),
(1064,	557,	52),
(1065,	379,	52),
(1066,	558,	52),
(1067,	559,	53),
(1068,	400,	53),
(1069,	560,	53),
(1070,	561,	53),
(1071,	384,	53),
(1072,	562,	53),
(1073,	559,	54),
(1074,	378,	54),
(1075,	563,	54),
(1076,	379,	54),
(1077,	564,	54),
(1078,	565,	54),
(1079,	566,	55),
(1080,	567,	55),
(1081,	568,	55),
(1082,	426,	55),
(1083,	379,	55),
(1084,	569,	55),
(1085,	402,	56),
(1086,	570,	56),
(1087,	571,	56),
(1088,	378,	56),
(1089,	572,	56),
(1090,	391,	56),
(1091,	573,	57),
(1092,	378,	57),
(1093,	379,	57),
(1094,	428,	57),
(1095,	574,	57),
(1096,	575,	57),
(1097,	381,	58),
(1098,	438,	58),
(1099,	459,	58),
(1100,	576,	58),
(1101,	577,	58),
(1102,	429,	58),
(1103,	508,	59),
(1104,	424,	59),
(1105,	426,	59),
(1106,	459,	59),
(1107,	576,	59),
(1108,	429,	59),
(1109,	578,	60),
(1110,	579,	60),
(1111,	580,	60),
(1112,	581,	60),
(1113,	582,	60),
(1114,	583,	60),
(1115,	378,	61),
(1116,	426,	61),
(1117,	379,	61),
(1118,	584,	61),
(1119,	585,	61),
(1120,	586,	61),
(1121,	381,	62),
(1122,	587,	62),
(1123,	438,	62),
(1124,	588,	62),
(1125,	589,	62),
(1126,	520,	62),
(1127,	398,	63),
(1128,	378,	63),
(1129,	590,	63),
(1130,	379,	63),
(1131,	591,	63),
(1132,	592,	63),
(1133,	593,	64),
(1134,	594,	64),
(1135,	378,	64),
(1136,	595,	64),
(1137,	596,	64),
(1138,	597,	64),
(1139,	433,	65),
(1140,	378,	65),
(1141,	598,	65),
(1142,	379,	65),
(1143,	391,	65),
(1144,	599,	65),
(1145,	600,	66),
(1146,	601,	66),
(1147,	378,	66),
(1148,	387,	66),
(1149,	602,	66),
(1150,	379,	66),
(1151,	603,	67),
(1152,	604,	67),
(1153,	378,	67),
(1154,	605,	67),
(1155,	606,	67),
(1156,	379,	67),
(1157,	607,	68),
(1158,	594,	68),
(1159,	378,	68),
(1160,	384,	68),
(1161,	608,	68),
(1162,	609,	68),
(1163,	610,	69),
(1164,	378,	69),
(1165,	379,	69),
(1166,	611,	69),
(1167,	609,	69),
(1168,	612,	69),
(1169,	613,	70),
(1170,	378,	70),
(1171,	426,	70),
(1172,	614,	70),
(1173,	379,	70),
(1174,	591,	70),
(1175,	615,	71),
(1176,	616,	71),
(1177,	378,	71),
(1178,	432,	71),
(1179,	379,	71),
(1180,	617,	71),
(1181,	618,	72),
(1182,	619,	72),
(1183,	620,	72),
(1184,	379,	72),
(1185,	621,	72),
(1186,	622,	72),
(1187,	623,	73),
(1188,	378,	73),
(1189,	379,	73),
(1190,	624,	73),
(1191,	391,	73),
(1192,	514,	73),
(1193,	400,	74),
(1194,	625,	74),
(1195,	413,	74),
(1196,	626,	74),
(1197,	627,	74),
(1198,	410,	74),
(1199,	628,	75),
(1200,	378,	75),
(1201,	379,	75),
(1202,	629,	75),
(1203,	630,	75),
(1204,	416,	75),
(1205,	378,	76),
(1206,	571,	76),
(1207,	379,	76),
(1208,	631,	76),
(1209,	482,	76),
(1210,	632,	76),
(1211,	424,	77),
(1212,	633,	77),
(1213,	576,	77),
(1214,	634,	77),
(1215,	428,	77),
(1216,	429,	77),
(1217,	635,	78),
(1218,	636,	78),
(1219,	637,	78),
(1220,	638,	78),
(1221,	426,	78),
(1222,	384,	78),
(1223,	639,	79),
(1224,	640,	79),
(1225,	641,	79),
(1226,	378,	79),
(1227,	379,	79),
(1228,	598,	79),
(1229,	615,	80),
(1230,	642,	80),
(1231,	379,	80),
(1232,	532,	80),
(1233,	483,	80),
(1234,	643,	80),
(1235,	382,	81),
(1236,	549,	81),
(1237,	644,	81),
(1238,	645,	81),
(1239,	384,	81),
(1240,	532,	81),
(1241,	426,	82),
(1242,	459,	82),
(1243,	384,	82),
(1244,	532,	82),
(1245,	506,	82),
(1246,	520,	82),
(1247,	646,	82),
(1248,	647,	82),
(1249,	378,	83),
(1250,	648,	83),
(1251,	379,	83),
(1252,	520,	83),
(1253,	419,	83),
(1254,	649,	83),
(1255,	650,	84),
(1256,	651,	84),
(1257,	642,	84),
(1258,	652,	84),
(1259,	384,	84),
(1260,	520,	84),
(1261,	438,	85),
(1262,	378,	85),
(1263,	379,	85),
(1264,	631,	85),
(1265,	520,	85),
(1266,	653,	85),
(1267,	654,	86),
(1268,	655,	86),
(1269,	378,	86),
(1270,	379,	86),
(1271,	656,	86),
(1272,	520,	86),
(1273,	657,	87),
(1274,	378,	87),
(1275,	379,	87),
(1276,	658,	87),
(1277,	659,	87),
(1278,	520,	87),
(1279,	426,	88),
(1280,	459,	88),
(1281,	379,	88),
(1282,	532,	88),
(1283,	506,	88),
(1284,	520,	88),
(1285,	378,	89),
(1286,	432,	89),
(1287,	660,	89),
(1288,	379,	89),
(1289,	661,	89),
(1290,	429,	89),
(1291,	400,	91),
(1292,	378,	91),
(1293,	662,	91),
(1294,	379,	91),
(1295,	525,	91),
(1296,	663,	91),
(1297,	402,	92),
(1298,	664,	92),
(1299,	665,	92),
(1300,	378,	92),
(1301,	596,	92),
(1302,	666,	92),
(1303,	402,	93),
(1304,	667,	93),
(1305,	378,	93),
(1306,	662,	93),
(1307,	446,	93),
(1308,	668,	93),
(1309,	669,	94),
(1310,	670,	94),
(1311,	671,	94),
(1312,	410,	94),
(1313,	631,	94),
(1314,	672,	95),
(1315,	378,	95),
(1316,	606,	95),
(1317,	379,	95),
(1318,	497,	95),
(1319,	673,	95),
(1320,	400,	96),
(1321,	378,	96),
(1322,	379,	96),
(1323,	598,	96),
(1324,	674,	96),
(1325,	506,	96),
(1326,	400,	97),
(1327,	378,	97),
(1328,	675,	97),
(1329,	379,	97),
(1330,	416,	97),
(1331,	506,	97),
(1332,	676,	98),
(1333,	557,	98),
(1334,	598,	98),
(1335,	588,	98),
(1336,	677,	98),
(1337,	643,	98),
(1338,	426,	99),
(1339,	678,	99),
(1340,	410,	99),
(1341,	532,	99),
(1342,	558,	99),
(1343,	429,	99),
(1344,	426,	100),
(1345,	678,	100),
(1346,	410,	100),
(1347,	532,	100),
(1348,	558,	100),
(1349,	429,	100),
(1350,	679,	101),
(1351,	550,	101),
(1352,	665,	101),
(1353,	626,	101),
(1354,	588,	101),
(1355,	520,	101),
(1356,	378,	102),
(1357,	379,	102),
(1358,	680,	102),
(1359,	520,	102),
(1360,	575,	102),
(1361,	681,	102),
(1362,	682,	103),
(1363,	683,	103),
(1364,	684,	103),
(1365,	378,	103),
(1366,	685,	103),
(1367,	686,	103),
(1368,	687,	103),
(1369,	688,	103),
(1370,	402,	104),
(1371,	378,	104),
(1372,	595,	104),
(1373,	689,	104),
(1374,	690,	104),
(1375,	419,	104),
(1376,	691,	105),
(1377,	378,	105),
(1378,	446,	105),
(1379,	379,	105),
(1380,	598,	105),
(1381,	692,	105),
(1382,	693,	106),
(1383,	557,	106),
(1384,	694,	106),
(1385,	695,	106),
(1386,	696,	106),
(1387,	697,	106),
(1388,	698,	106),
(1389,	625,	107),
(1390,	446,	107),
(1391,	384,	107),
(1392,	482,	107),
(1393,	506,	107),
(1394,	699,	107),
(1395,	700,	108),
(1396,	378,	108),
(1397,	701,	108),
(1398,	379,	108),
(1399,	702,	108),
(1400,	703,	108),
(1401,	704,	108),
(1402,	705,	109),
(1403,	706,	109),
(1404,	707,	109),
(1405,	708,	109),
(1406,	378,	109),
(1407,	384,	109),
(1408,	709,	110),
(1409,	410,	110),
(1410,	391,	110),
(1411,	514,	110),
(1412,	429,	110),
(1413,	469,	110),
(1414,	710,	111),
(1415,	711,	111),
(1416,	378,	111),
(1417,	384,	111),
(1418,	712,	111),
(1419,	520,	111),
(1420,	398,	112),
(1421,	383,	112),
(1422,	378,	112),
(1423,	384,	112),
(1424,	713,	112),
(1425,	520,	112),
(1426,	714,	113),
(1427,	715,	113),
(1428,	716,	113),
(1429,	384,	113),
(1430,	520,	113),
(1431,	391,	113),
(1432,	717,	114),
(1433,	718,	114),
(1434,	719,	114),
(1435,	716,	114),
(1436,	384,	114),
(1437,	520,	114),
(1438,	720,	115),
(1439,	615,	115),
(1440,	684,	115),
(1441,	721,	115),
(1442,	674,	115),
(1443,	643,	115),
(1444,	722,	128),
(1445,	723,	130),
(1446,	724,	131),
(1447,	725,	132),
(1448,	726,	134),
(1449,	727,	135),
(1450,	725,	145),
(1451,	728,	150),
(1452,	729,	162);

DROP TABLE IF EXISTS `mfa_activities`;
CREATE TABLE `mfa_activities` (
  `id` int(10) unsigned NOT NULL AUTO_INCREMENT,
  `dataset` int(10) unsigned NOT NULL,
  `name` varchar(255) COLLATE utf8_unicode_ci NOT NULL,
  PRIMARY KEY (`id`),
  KEY `dataset` (`dataset`),
  CONSTRAINT `mfa_activities_ibfk_1` FOREIGN KEY (`dataset`) REFERENCES `mfa_dataset` (`id`)
) ENGINE=InnoDB DEFAULT CHARSET=utf8 COLLATE=utf8_unicode_ci;

INSERT INTO `mfa_activities` (`id`, `dataset`, `name`) VALUES
(6,	1,	'Mail'),
(7,	1,	'Meeting'),
(8,	1,	'Searching, browsing, extrapolating'),
(9,	1,	'Phone call'),
(10,	1,	'Transportation');

DROP TABLE IF EXISTS `mfa_activities_log`;
CREATE TABLE `mfa_activities_log` (
  `id` int(10) unsigned NOT NULL AUTO_INCREMENT,
  `activity` int(10) unsigned NOT NULL,
  `start` datetime DEFAULT NULL,
  `end` datetime DEFAULT NULL,
  `time` smallint(5) unsigned NOT NULL,
  `source` smallint(6) DEFAULT NULL,
  `contact` int(10) unsigned DEFAULT NULL,
  PRIMARY KEY (`id`),
  KEY `activity` (`activity`),
  KEY `source` (`source`),
  KEY `contact` (`contact`),
  CONSTRAINT `mfa_activities_log_ibfk_1` FOREIGN KEY (`activity`) REFERENCES `mfa_activities` (`id`),
  CONSTRAINT `mfa_activities_log_ibfk_2` FOREIGN KEY (`source`) REFERENCES `sources` (`id`),
  CONSTRAINT `mfa_activities_log_ibfk_3` FOREIGN KEY (`contact`) REFERENCES `mfa_contacts` (`id`)
) ENGINE=InnoDB DEFAULT CHARSET=utf8 COLLATE=utf8_unicode_ci;


DROP TABLE IF EXISTS `mfa_contacts`;
CREATE TABLE `mfa_contacts` (
  `id` int(10) unsigned NOT NULL AUTO_INCREMENT,
  `dataset` int(10) unsigned NOT NULL,
  `name` varchar(255) COLLATE utf8_unicode_ci NOT NULL,
  `details` text COLLATE utf8_unicode_ci NOT NULL,
  `type` tinyint(3) unsigned DEFAULT NULL,
  `organization` tinyint(1) unsigned NOT NULL COMMENT 'Whether or not this contact is an organization (if false, this is a person)',
  `employer` varchar(255) COLLATE utf8_unicode_ci DEFAULT NULL COMMENT 'Name of the employer; this clearly only applies to people, not to organizations',
  `created` timestamp NOT NULL DEFAULT CURRENT_TIMESTAMP ON UPDATE CURRENT_TIMESTAMP,
  `pending` tinyint(1) unsigned NOT NULL,
  PRIMARY KEY (`id`),
  KEY `type` (`type`),
  KEY `dataset` (`dataset`),
  KEY `employer` (`employer`),
  CONSTRAINT `mfa_contacts_ibfk_4` FOREIGN KEY (`type`) REFERENCES `mfa_contacts_types` (`id`) ON DELETE CASCADE ON UPDATE CASCADE,
  CONSTRAINT `mfa_contacts_ibfk_5` FOREIGN KEY (`dataset`) REFERENCES `mfa_dataset` (`id`) ON DELETE CASCADE ON UPDATE CASCADE
) ENGINE=InnoDB DEFAULT CHARSET=utf8 COLLATE=utf8_unicode_ci;


DROP TABLE IF EXISTS `mfa_contacts_types`;
CREATE TABLE `mfa_contacts_types` (
  `id` tinyint(3) unsigned NOT NULL AUTO_INCREMENT,
  `name` varchar(50) COLLATE utf8_unicode_ci NOT NULL,
  `dataset` int(10) unsigned NOT NULL,
  PRIMARY KEY (`id`),
  KEY `dataset` (`dataset`),
  CONSTRAINT `mfa_contacts_types_ibfk_1` FOREIGN KEY (`dataset`) REFERENCES `mfa_dataset` (`id`)
) ENGINE=InnoDB DEFAULT CHARSET=utf8 COLLATE=utf8_unicode_ci;

INSERT INTO `mfa_contacts_types` (`id`, `name`, `dataset`) VALUES
(3,	'Academia',	1),
(4,	'Public Sector',	1),
(6,	'Private Sector',	1);

DROP TABLE IF EXISTS `mfa_data`;
CREATE TABLE `mfa_data` (
  `id` int(10) unsigned NOT NULL AUTO_INCREMENT,
  `material` mediumint(8) unsigned NOT NULL,
  `year` year(4) NOT NULL,
  `data` decimal(12,4) unsigned NOT NULL,
  `comments` text COLLATE utf8_unicode_ci NOT NULL,
  `source` varchar(255) COLLATE utf8_unicode_ci NOT NULL,
  `source_link` varchar(255) COLLATE utf8_unicode_ci NOT NULL,
  `date` timestamp NOT NULL DEFAULT CURRENT_TIMESTAMP ON UPDATE CURRENT_TIMESTAMP,
  `scale` int(10) unsigned DEFAULT NULL,
  PRIMARY KEY (`id`),
  KEY `material` (`material`),
  KEY `scale` (`scale`),
  CONSTRAINT `mfa_data_ibfk_2` FOREIGN KEY (`material`) REFERENCES `mfa_materials` (`id`) ON DELETE CASCADE ON UPDATE CASCADE,
  CONSTRAINT `mfa_data_ibfk_3` FOREIGN KEY (`scale`) REFERENCES `mfa_scales` (`id`)
) ENGINE=InnoDB DEFAULT CHARSET=utf8 COLLATE=utf8_unicode_ci;


DROP TABLE IF EXISTS `mfa_dataset`;
CREATE TABLE `mfa_dataset` (
  `id` int(10) unsigned NOT NULL AUTO_INCREMENT,
  `research_project` int(10) unsigned NOT NULL,
  `name` varchar(255) COLLATE utf8_unicode_ci NOT NULL,
  `year_start` year(4) NOT NULL,
  `year_end` year(4) NOT NULL,
  `access` enum('public','private','link_only') COLLATE utf8_unicode_ci NOT NULL DEFAULT 'private',
  `decimal_precision` tinyint(3) unsigned NOT NULL DEFAULT '2',
  `measurement` varchar(255) COLLATE utf8_unicode_ci NOT NULL DEFAULT 'kg',
  `contact_management` tinyint(1) unsigned NOT NULL,
  `dqi` tinyint(1) unsigned NOT NULL,
  `time_log` tinyint(1) unsigned NOT NULL,
  `multiscale` tinyint(1) unsigned NOT NULL,
  PRIMARY KEY (`id`),
  KEY `research_project` (`research_project`),
  KEY `access` (`access`),
  CONSTRAINT `mfa_dataset_ibfk_2` FOREIGN KEY (`research_project`) REFERENCES `research` (`id`) ON DELETE CASCADE ON UPDATE CASCADE
) ENGINE=InnoDB DEFAULT CHARSET=utf8 COLLATE=utf8_unicode_ci;

INSERT INTO `mfa_dataset` (`id`, `research_project`, `name`, `year_start`, `year_end`, `access`, `decimal_precision`, `measurement`, `contact_management`, `dqi`, `time_log`, `multiscale`) VALUES
(1,	1,	'Cape Town',	'2010',	'2013',	'private',	3,	'tons',	1,	1,	1,	1),
(2,	1,	'Western Cape',	'2010',	'2012',	'link_only',	2,	'kg',	1,	1,	1,	0);

DROP TABLE IF EXISTS `mfa_dqi`;
CREATE TABLE `mfa_dqi` (
  `id` int(10) unsigned NOT NULL AUTO_INCREMENT,
  `data` int(10) unsigned NOT NULL,
  `classification` int(10) unsigned NOT NULL,
  PRIMARY KEY (`id`),
  KEY `classification` (`classification`),
  KEY `data` (`data`),
  CONSTRAINT `mfa_dqi_ibfk_1` FOREIGN KEY (`classification`) REFERENCES `dqi_classifications` (`id`),
  CONSTRAINT `mfa_dqi_ibfk_3` FOREIGN KEY (`data`) REFERENCES `mfa_data` (`id`) ON DELETE CASCADE ON UPDATE CASCADE
) ENGINE=InnoDB DEFAULT CHARSET=utf8 COLLATE=utf8_unicode_ci;

INSERT INTO `mfa_dqi` (`id`, `data`, `classification`) VALUES
(327,	7,	156),
(328,	7,	132),
(329,	7,	153),
(330,	7,	146),
(331,	7,	125),
(332,	7,	139),
(333,	8,	150),
(352,	9,	160),
(353,	9,	131),
(354,	9,	151),
(355,	9,	143),
(356,	9,	122),
(357,	9,	136);

DROP TABLE IF EXISTS `mfa_groups`;
CREATE TABLE `mfa_groups` (
  `id` mediumint(8) unsigned NOT NULL AUTO_INCREMENT,
  `section` varchar(255) COLLATE utf8_unicode_ci NOT NULL,
  `name` varchar(255) COLLATE utf8_unicode_ci NOT NULL,
  `dataset` int(10) unsigned DEFAULT NULL,
  PRIMARY KEY (`id`),
  KEY `dataset` (`dataset`),
  CONSTRAINT `mfa_groups_ibfk_4` FOREIGN KEY (`dataset`) REFERENCES `mfa_dataset` (`id`) ON DELETE CASCADE ON UPDATE CASCADE
) ENGINE=InnoDB DEFAULT CHARSET=utf8 COLLATE=utf8_unicode_ci;

INSERT INTO `mfa_groups` (`id`, `section`, `name`, `dataset`) VALUES
(1,	'A',	'Domestic Extraction Used',	NULL),
(2,	'B',	'Imports',	NULL),
(3,	'D',	'Exports',	NULL),
(4,	'F',	'Domestic Processed Output',	NULL),
(28,	'A',	'Domestic Extraction Used',	1),
(29,	'B',	'Imports',	1),
(30,	'D',	'Exports',	1),
(31,	'F',	'Domestic Processed Output',	1),
(32,	'A',	'Domestic Extraction Used',	2),
(33,	'B',	'Imports',	2),
(34,	'D',	'Exports',	2),
(35,	'F',	'Domestic Processed Output',	2);

DROP TABLE IF EXISTS `mfa_leads`;
CREATE TABLE `mfa_leads` (
  `id` int(10) unsigned NOT NULL AUTO_INCREMENT,
  `from_contact` int(10) unsigned DEFAULT NULL,
  `from_source` int(10) unsigned DEFAULT NULL,
  `to_contact` int(10) unsigned DEFAULT NULL,
  `to_source` int(10) unsigned DEFAULT NULL,
  PRIMARY KEY (`id`),
  KEY `from_contact` (`from_contact`),
  KEY `from_source` (`from_source`),
  KEY `to_source` (`to_source`),
  KEY `to_contact` (`to_contact`),
  CONSTRAINT `mfa_leads_ibfk_1` FOREIGN KEY (`from_contact`) REFERENCES `mfa_contacts` (`id`),
  CONSTRAINT `mfa_leads_ibfk_2` FOREIGN KEY (`from_source`) REFERENCES `mfa_sources` (`id`),
  CONSTRAINT `mfa_leads_ibfk_5` FOREIGN KEY (`to_source`) REFERENCES `mfa_sources` (`id`) ON DELETE CASCADE ON UPDATE CASCADE,
  CONSTRAINT `mfa_leads_ibfk_6` FOREIGN KEY (`to_contact`) REFERENCES `mfa_contacts` (`id`) ON DELETE CASCADE ON UPDATE CASCADE
) ENGINE=InnoDB DEFAULT CHARSET=utf8 COLLATE=utf8_unicode_ci;


DROP TABLE IF EXISTS `mfa_materials`;
CREATE TABLE `mfa_materials` (
  `id` mediumint(8) unsigned NOT NULL AUTO_INCREMENT,
  `mfa_group` mediumint(8) unsigned NOT NULL,
  `code` varchar(20) COLLATE utf8_unicode_ci NOT NULL,
  `name` varchar(255) COLLATE utf8_unicode_ci NOT NULL,
  PRIMARY KEY (`id`),
  KEY `group` (`mfa_group`),
  CONSTRAINT `mfa_materials_ibfk_2` FOREIGN KEY (`mfa_group`) REFERENCES `mfa_groups` (`id`) ON DELETE CASCADE ON UPDATE CASCADE
) ENGINE=InnoDB DEFAULT CHARSET=utf8 COLLATE=utf8_unicode_ci;

INSERT INTO `mfa_materials` (`id`, `mfa_group`, `code`, `name`) VALUES
(271,	1,	'1',	'Biomass'),
(272,	1,	'1.1',	'Crops (excluding fodder crops)'),
(273,	1,	'1.1.01',	'Cereals'),
(274,	1,	'1.1.02',	'Roots, tubers'),
(275,	1,	'1.1.03',	'Sugar crops'),
(276,	1,	'1.1.04',	'Pulses'),
(277,	1,	'1.1.05',	'Nuts'),
(278,	1,	'1.1.06',	'Oil-bearing crops'),
(279,	1,	'1.1.07',	'Vegetables'),
(280,	1,	'1.1.08',	'Fruits'),
(281,	1,	'1.1.09',	'Fibres'),
(282,	1,	'1.1.10',	'Other crops n.e.c.'),
(283,	1,	'1.2',	'Crop residues (used), fodder crops and grazed biomass'),
(284,	1,	'1.2.1',	'Crop residues (used)'),
(285,	1,	'1.2.1.1',	'Straw'),
(286,	1,	'1.2.1.2',	'Other crop residues (sugar and fodder beet leaves, other)'),
(287,	1,	'1.2.2',	'Fodder crops and grazed biomass'),
(288,	1,	'1.2.2.1',	'Fodder crops (incl. biomass harvest from grassland)'),
(289,	1,	'1.2.2.2',	'Grazed biomass'),
(290,	1,	'1.3',	'Wood'),
(291,	1,	'1.3.1',	'Timber (Industrial roundwood)'),
(292,	1,	'1.3.2',	'Wood fuel and other extraction'),
(293,	1,	'1.4',	'Wild fish catch, aquatic plants/animals, hunting and gathering'),
(294,	1,	'1.4.1',	'Wild fish catch'),
(295,	1,	'1.4.2',	'All other aquatic animals and plants'),
(296,	1,	'1.4.3',	'Hunting and gathering'),
(297,	1,	'2',	'Metal ores (gross ores)'),
(298,	1,	'2.1',	'Iron'),
(299,	1,	'2.2',	'Non-ferrous metal'),
(300,	1,	'2.2.1',	'Copper'),
(301,	1,	'2.2.2',	'Nickel'),
(302,	1,	'2.2.3',	'Lead'),
(303,	1,	'2.2.4',	'Zinc'),
(304,	1,	'2.2.5',	'Tin'),
(305,	1,	'2.2.6',	'Gold, silver, platinum and other precious metals'),
(306,	1,	'2.2.7',	'Bauxite and other aluminium'),
(307,	1,	'2.2.8',	'Uranium and thorium'),
(308,	1,	'2.2.9',	'Other n.e.c.'),
(309,	1,	'3',	'Non metalic minerals'),
(310,	1,	'3.01',	'Marble, granite, sandstone, porphyry, basalt, other ornamental or building stone (excluding slate)'),
(311,	1,	'3.02',	'Chalk and dolomite'),
(312,	1,	'3.03',	'Slate'),
(313,	1,	'3.04',	'Chemical and fertilizer minerals'),
(314,	1,	'3.05',	'Salt'),
(315,	1,	'3.06',	'Limestone and gypsum'),
(316,	1,	'3.07',	'Clays and kaolin'),
(317,	1,	'3.08',	'Sand and gravel'),
(318,	1,	'3.09',	'Other n.e.c'),
(319,	1,	'3.10',	'Excavated earthen materials (including soil), only if used'),
(320,	1,	'4',	'Fossil energy materials/carriers'),
(321,	1,	'4.1',	'Coal and other solid energy materials/carriers'),
(322,	1,	'4.1.1',	'Lignite (brown coal)'),
(323,	1,	'4.1.2',	'Hard coal'),
(324,	1,	'4.1.3',	'Oil shale and tar sands'),
(325,	1,	'4.1.4',	'Peat'),
(326,	1,	'4.2',	'Liquid and gaseous energy materials/carriers'),
(327,	1,	'4.2.1',	'Crude oil, condensate and natural gas liquids (NGL)'),
(328,	1,	'4.2.2',	'Natural gas'),
(329,	2,	'1',	'Biomass and biomass products'),
(330,	2,	'1.1',	'Crops, raw and processed'),
(331,	2,	'1.1.01',	'Cereals, raw and processed'),
(332,	2,	'1.1.02',	'Roots, tubers, raw and processed'),
(333,	2,	'1.1.03',	'Sugar crops, raw and processed'),
(334,	2,	'1.1.04',	'Pulses, raw and processed'),
(335,	2,	'1.1.05',	'Nuts, raw and processed'),
(336,	2,	'1.1.06',	'Oil-bearing crops, raw and processed'),
(337,	2,	'1.1.07',	'Vegetables, raw and processed'),
(338,	2,	'1.1.08',	'Fruits, raw and processed'),
(339,	2,	'1.1.09',	'Fibres, raw and processed'),
(340,	2,	'1.1.10',	'Other crops n.e.c., raw and processed'),
(341,	2,	'1.2',	'Crop residues and fodder crops'),
(342,	2,	'1.2.1',	'Crop residues (used), raw and processed'),
(343,	2,	'1.2.1.1',	'Straw'),
(344,	2,	'1.2.1.2',	'Other crop residues'),
(345,	2,	'1.2.2',	'Fodder crops'),
(346,	2,	'1.2.2.1',	'Fodder crops'),
(347,	2,	'1.3',	'Wood and wood products'),
(348,	2,	'1.3.1',	'Timber, raw and processed'),
(349,	2,	'1.3.2',	'Wood fuel and other extraction, raw and processed'),
(350,	2,	'1.4',	'Fish capture and other aquatic animals and plants, raw and processed'),
(351,	2,	'1.4.1',	'Fish capture'),
(352,	2,	'1.4.2',	'All other aquatic animals and plants'),
(353,	2,	'1.5',	'Live animals other than in 1.4., and animal products'),
(354,	2,	'1.5.1',	'Live animals other than in 1.4.'),
(355,	2,	'1.5.2',	'Meat and meat preparations'),
(356,	2,	'1.5.3',	'Dairy products, birds eggs, and honey'),
(357,	2,	'1.5.4',	'Other products from animals (animal fibres, skins, furs, leather etc.)'),
(358,	2,	'1.6',	'Products mainly from biomass'),
(359,	2,	'2',	'Metal ores and concentrates, raw and processed'),
(360,	2,	'2.1',	'Iron ores and concentrates, iron and steel, raw and processed'),
(361,	2,	'2.2',	'Non-ferrous metal ores and concentrates, raw and processed'),
(362,	2,	'2.2.1',	'Copper'),
(363,	2,	'2.2.2',	'Nickel'),
(364,	2,	'2.2.3',	'Lead'),
(365,	2,	'2.2.4',	'Zinc'),
(366,	2,	'2.2.5',	'Tin'),
(367,	2,	'2.2.6',	'Gold, silver, platinum and other precious metal'),
(368,	2,	'2.2.7',	'Bauxite and other aluminium'),
(369,	2,	'2.2.8',	'Uranium and thorium'),
(370,	2,	'2.2.9',	'Other n.e.c.'),
(371,	2,	'2.3',	'Products mainly from metals'),
(372,	2,	'3',	'Non-metallic minerals, raw and processed'),
(373,	2,	'3.01',	'Marble, granite, sandstone, porphyry, basalt, other ornamental or building stone (excluding slate)'),
(374,	2,	'3.02',	'Chalk and dolomite'),
(375,	2,	'3.03',	'Slate'),
(376,	2,	'3.04',	'Chemical and fertilizer minerals'),
(377,	2,	'3.05',	'Salt'),
(378,	2,	'3.06',	'Limestone and gypsum'),
(379,	2,	'3.07',	'Clays and kaolin'),
(380,	2,	'3.08',	'Sand and gravel'),
(381,	2,	'3.09',	'Other n.e.c.'),
(382,	2,	'3.10',	'Excavated earthen materials (including soil), only if used'),
(383,	2,	'3.11',	'Products mainly from non metallic minerals'),
(384,	2,	'4',	'Fossil energy materials/carriers, raw and processed'),
(385,	2,	'4.1',	'Coal and other solid energy products, raw and processed'),
(386,	2,	'4.1.1',	'Lignite (brown coal)'),
(387,	2,	'4.1.2',	'Hard coal'),
(388,	2,	'4.1.3',	'Oil shale and tar sands'),
(389,	2,	'4.1.4',	'Peat'),
(390,	2,	'4.2',	'Liquid and gaseous energy products, raw and processed'),
(391,	2,	'4.2.1',	'Crude oil, condensate and natural gas liquids (NGL)'),
(392,	2,	'4.2.2',	'Natural gas'),
(393,	2,	'4.2.3',	'Adjustment for residence principle: Fuel bunkered by resident units abroad'),
(394,	2,	'4.2.3.1',	'Fuel for land transport'),
(395,	2,	'4.2.3.2',	'Fuel for water transport'),
(396,	2,	'4.2.3.3',	'Fuel for air transport'),
(397,	2,	'4.3',	'Products mainly from fossil energy products'),
(398,	2,	'5',	'Other products'),
(399,	2,	'6',	'Waste imported for final treatment and disposal'),
(400,	3,	'1',	'Biomass and biomass products'),
(401,	3,	'1.1',	'Crops, raw and processed'),
(402,	3,	'1.1.01',	'Cereals, raw and processed'),
(403,	3,	'1.1.02',	'Roots, tubers, raw and processed'),
(404,	3,	'1.1.03',	'Sugar crops, raw and processed'),
(405,	3,	'1.1.04',	'Pulses, raw and processed'),
(406,	3,	'1.1.05',	'Nuts, raw and processed'),
(407,	3,	'1.1.06',	'Oil-bearing crops, raw and processed'),
(408,	3,	'1.1.07',	'Vegetables, raw and processed'),
(409,	3,	'1.1.08',	'Fruits, raw and processed'),
(410,	3,	'1.1.09',	'Fibres, raw and processed'),
(411,	3,	'1.1.10',	'Other crops n.e.c., raw and processed'),
(412,	3,	'1.2',	'Crop residues and fodder crops'),
(413,	3,	'1.2.1',	'Crop residues (used), raw and processed'),
(414,	3,	'1.2.1.1',	'Straw'),
(415,	3,	'1.2.1.2',	'Other crop residues'),
(416,	3,	'1.2.2',	'Fodder crops'),
(417,	3,	'1.2.2.1',	'Fodder crops'),
(418,	3,	'1.3',	'Wood and wood products'),
(419,	3,	'1.3.1',	'Timber, raw and processed'),
(420,	3,	'1.3.2',	'Wood fuel and other extraction, raw and processed'),
(421,	3,	'1.4',	'Fish capture and other aquatic animals and plants, raw and processed'),
(422,	3,	'1.4.1',	'Fish capture'),
(423,	3,	'1.4.2',	'All other aquatic animals and plants'),
(424,	3,	'1.5',	'Live animals other than in 1.4., and animal products'),
(425,	3,	'1.5.1',	'Live animals other than in 1.4.'),
(426,	3,	'1.5.2',	'Meat and meat preparations'),
(427,	3,	'1.5.3',	'Dairy products, birds eggs, and honey'),
(428,	3,	'1.5.4',	'Other products from animals (animal fibres, skins, furs, leather etc.)'),
(429,	3,	'1.6',	'Products mainly from biomass'),
(430,	3,	'2',	'Metal ores and concentrates, raw and processed'),
(431,	3,	'2.1',	'Iron ores and concentrates, iron and steel, raw and processed'),
(432,	3,	'2.2',	'Non-ferrous metal ores and concentrates, raw and processed'),
(433,	3,	'2.2.1',	'Copper'),
(434,	3,	'2.2.2',	'Nickel'),
(435,	3,	'2.2.3',	'Lead'),
(436,	3,	'2.2.4',	'Zinc'),
(437,	3,	'2.2.5',	'Tin'),
(438,	3,	'2.2.6',	'Gold, silver, platinum and other precious metal'),
(439,	3,	'2.2.7',	'Bauxite and other aluminium'),
(440,	3,	'2.2.8',	'Uranium and thorium'),
(441,	3,	'2.2.9',	'Other n.e.c.'),
(442,	3,	'2.3',	'Products mainly from metals'),
(443,	3,	'3',	'Non-metallic minerals, raw and processed'),
(444,	3,	'3.01',	'Marble, granite, sandstone, porphyry, basalt, other ornamental or building stone (excluding slate)'),
(445,	3,	'3.02',	'Chalk and dolomite'),
(446,	3,	'3.03',	'Slate'),
(447,	3,	'3.04',	'Chemical and fertilizer minerals'),
(448,	3,	'3.05',	'Salt'),
(449,	3,	'3.06',	'Limestone and gypsum'),
(450,	3,	'3.07',	'Clays and kaolin'),
(451,	3,	'3.08',	'Sand and gravel'),
(452,	3,	'3.09',	'Other n.e.c.'),
(453,	3,	'3.10',	'Excavated earthen materials (including soil), only if used'),
(454,	3,	'3.11',	'Products mainly from non metallic minerals'),
(455,	3,	'4',	'Fossil energy materials/carriers, raw and processed'),
(456,	3,	'4.1',	'Coal and other solid energy products, raw and processed'),
(457,	3,	'4.1.1',	'Lignite (brown coal)'),
(458,	3,	'4.1.2',	'Hard coal'),
(459,	3,	'4.1.3',	'Oil shale and tar sands'),
(460,	3,	'4.1.4',	'Peat'),
(461,	3,	'4.2',	'Liquid and gaseous energy products, raw and processed'),
(462,	3,	'4.2.1',	'Crude oil, condensate and natural gas liquids (NGL)'),
(463,	3,	'4.2.2',	'Natural gas'),
(464,	3,	'4.2.3',	'Adjustment for residence principle: Fuel bunkered by non-resident units domestically'),
(465,	3,	'4.2.3.1',	'Fuel for land transport'),
(466,	3,	'4.2.3.2',	'Fuel for water transport'),
(467,	3,	'4.2.3.3',	'Fuel for air transport'),
(468,	3,	'4.3',	'Products mainly from fossil energy products'),
(469,	3,	'5',	'Other products'),
(470,	3,	'6',	'Waste exported for final treatment and disposal'),
(471,	4,	'1',	'Emissions to air'),
(472,	4,	'1.01',	'Carbon dioxide (CO2)'),
(473,	4,	'1.01.1',	'Carbon dioxide (CO2) from biomass combustion'),
(474,	4,	'1.01.2',	'Carbon dioxide (CO2) excluding biomass combustion'),
(475,	4,	'1.02',	'Methane (CH4)'),
(476,	4,	'1.03',	'Dinitrogen oxide (N2O)'),
(477,	4,	'1.04',	'Nitrous oxides (NOx)'),
(478,	4,	'1.05',	'Hydroflourcarbons (HFCs)'),
(479,	4,	'1.06',	'Perflourocarbons (PFCs)'),
(480,	4,	'1.07',	'Sulfur hexaflouride'),
(481,	4,	'1.08',	'Carbon monoxide (CO)'),
(482,	4,	'1.09',	'Non-methane volatile organic compounds (NMVOC)'),
(483,	4,	'1.10',	'Sulfur dioxide (SO2)'),
(484,	4,	'1.11',	'Ammonia (NH3)'),
(485,	4,	'1.12',	'Heavy metals'),
(486,	4,	'1.13',	'Persistent organic pollutantsPOPs'),
(487,	4,	'1.14',	'Particles (e.g   PM10, Dust)'),
(488,	4,	'2',	'Waste land filled'),
(489,	4,	'2.1',	'municipal waste - controlled'),
(490,	4,	'2.1',	'municipal waste - uncontrolled'),
(491,	4,	'2.2',	'industrial waste - controlled'),
(492,	4,	'2.2',	'industrial waste - uncontrolled'),
(493,	4,	'3',	'Emissions to water'),
(494,	4,	'3.1',	'Nitrogen (N)'),
(495,	4,	'3.2',	'Phosphorus (P)'),
(496,	4,	'3.3',	'Heavy metals'),
(497,	4,	'3.4',	'Other substances and (organic) materials'),
(498,	4,	'3.5',	'Dumping of materials at sea'),
(499,	4,	'4',	'Dissipative use of products'),
(500,	4,	'4.1',	'Organic fertiliser (manure)'),
(501,	4,	'4.2',	'Mineral fertiliser'),
(502,	4,	'4.3',	'Sewage sludge'),
(503,	4,	'4.4',	'Compost'),
(504,	4,	'4.5',	'Pesticides'),
(505,	4,	'4.6',	'Seeds'),
(506,	4,	'4.7',	'Salt and other thawing materials spread on roads (incl   grit)'),
(507,	4,	'4.8',	'Solvents, laughing gas and other'),
(508,	4,	'5',	'Dissipative losses (e.g   abrasion from tires, friction products, buildings and infrastructure)'),
(1985,	28,	'1',	'Biomass'),
(1986,	28,	'1.1',	'Crops (excluding fodder crops)'),
(1987,	28,	'1.1.01',	'Cereals'),
(1988,	28,	'1.1.02',	'Roots, tubers'),
(1989,	28,	'1.1.03',	'Sugar crops'),
(1990,	28,	'1.1.04',	'Pulses'),
(1991,	28,	'1.1.05',	'Nuts'),
(1992,	28,	'1.1.06',	'Oil-bearing crops'),
(1993,	28,	'1.1.07',	'Vegetables'),
(1994,	28,	'1.1.08',	'Fruits'),
(1995,	28,	'1.1.09',	'Fibres'),
(1996,	28,	'1.1.10',	'Other crops n.e.c.'),
(1997,	28,	'1.2',	'Crop residues (used), fodder crops and grazed biomass'),
(1998,	28,	'1.2.1',	'Crop residues (used)'),
(1999,	28,	'1.2.1.1',	'Straw'),
(2000,	28,	'1.2.1.2',	'Other crop residues (sugar and fodder beet leaves, other)'),
(2001,	28,	'1.2.2',	'Fodder crops and grazed biomass'),
(2002,	28,	'1.2.2.1',	'Fodder crops (incl. biomass harvest from grassland)'),
(2003,	28,	'1.2.2.2',	'Grazed biomass'),
(2004,	28,	'1.3',	'Wood'),
(2005,	28,	'1.3.1',	'Timber (Industrial roundwood)'),
(2006,	28,	'1.3.2',	'Wood fuel and other extraction'),
(2007,	28,	'1.4',	'Wild fish catch, aquatic plants/animals, hunting and gathering'),
(2008,	28,	'1.4.1',	'Wild fish catch'),
(2009,	28,	'1.4.2',	'All other aquatic animals and plants'),
(2010,	28,	'1.4.3',	'Hunting and gathering'),
(2011,	28,	'2',	'Metal ores (gross ores)'),
(2012,	28,	'2.1',	'Iron'),
(2013,	28,	'2.2',	'Non-ferrous metal'),
(2014,	28,	'2.2.1',	'Copper'),
(2015,	28,	'2.2.2',	'Nickel'),
(2016,	28,	'2.2.3',	'Lead'),
(2017,	28,	'2.2.4',	'Zinc'),
(2018,	28,	'2.2.5',	'Tin'),
(2019,	28,	'2.2.6',	'Gold, silver, platinum and other precious metals'),
(2020,	28,	'2.2.7',	'Bauxite and other aluminium'),
(2021,	28,	'2.2.8',	'Uranium and thorium'),
(2022,	28,	'2.2.9',	'Other n.e.c.'),
(2023,	28,	'3',	'Non metalic minerals'),
(2024,	28,	'3.01',	'Marble, granite, sandstone, porphyry, basalt, other ornamental or building stone (excluding slate)'),
(2025,	28,	'3.02',	'Chalk and dolomite'),
(2026,	28,	'3.03',	'Slate'),
(2027,	28,	'3.04',	'Chemical and fertilizer minerals'),
(2028,	28,	'3.05',	'Salt'),
(2029,	28,	'3.06',	'Limestone and gypsum'),
(2030,	28,	'3.07',	'Clays and kaolin'),
(2031,	28,	'3.08',	'Sand and gravel'),
(2032,	28,	'3.09',	'Other n.e.c'),
(2033,	28,	'3.10',	'Excavated earthen materials (including soil), only if used'),
(2034,	28,	'4',	'Fossil energy materials/carriers'),
(2035,	28,	'4.1',	'Coal and other solid energy materials/carriers'),
(2036,	28,	'4.1.1',	'Lignite (brown coal)'),
(2037,	28,	'4.1.2',	'Hard coal'),
(2038,	28,	'4.1.3',	'Oil shale and tar sands'),
(2039,	28,	'4.1.4',	'Peat'),
(2040,	28,	'4.2',	'Liquid and gaseous energy materials/carriers'),
(2041,	28,	'4.2.1',	'Crude oil, condensate and natural gas liquids (NGL)'),
(2042,	28,	'4.2.2',	'Natural gas'),
(2048,	29,	'1',	'Biomass and biomass products'),
(2049,	29,	'1.1',	'Crops, raw and processed'),
(2050,	29,	'1.1.01',	'Cereals, raw and processed'),
(2051,	29,	'1.1.02',	'Roots, tubers, raw and processed'),
(2052,	29,	'1.1.03',	'Sugar crops, raw and processed'),
(2053,	29,	'1.1.04',	'Pulses, raw and processed'),
(2054,	29,	'1.1.05',	'Nuts, raw and processed'),
(2055,	29,	'1.1.06',	'Oil-bearing crops, raw and processed'),
(2056,	29,	'1.1.07',	'Vegetables, raw and processed'),
(2057,	29,	'1.1.08',	'Fruits, raw and processed'),
(2058,	29,	'1.1.09',	'Fibres, raw and processed'),
(2059,	29,	'1.1.10',	'Other crops n.e.c., raw and processed'),
(2060,	29,	'1.2',	'Crop residues and fodder crops'),
(2061,	29,	'1.2.1',	'Crop residues (used), raw and processed'),
(2062,	29,	'1.2.1.1',	'Straw'),
(2063,	29,	'1.2.1.2',	'Other crop residues'),
(2064,	29,	'1.2.2',	'Fodder crops'),
(2065,	29,	'1.2.2.1',	'Fodder crops'),
(2066,	29,	'1.3',	'Wood and wood products'),
(2067,	29,	'1.3.1',	'Timber, raw and processed'),
(2068,	29,	'1.3.2',	'Wood fuel and other extraction, raw and processed'),
(2069,	29,	'1.4',	'Fish capture and other aquatic animals and plants, raw and processed'),
(2070,	29,	'1.4.1',	'Fish capture'),
(2071,	29,	'1.4.2',	'All other aquatic animals and plants'),
(2072,	29,	'1.5',	'Live animals other than in 1.4., and animal products'),
(2073,	29,	'1.5.1',	'Live animals other than in 1.4.'),
(2074,	29,	'1.5.2',	'Meat and meat preparations'),
(2075,	29,	'1.5.3',	'Dairy products, birds eggs, and honey'),
(2076,	29,	'1.5.4',	'Other products from animals (animal fibres, skins, furs, leather etc.)'),
(2077,	29,	'1.6',	'Products mainly from biomass'),
(2078,	29,	'2',	'Metal ores and concentrates, raw and processed'),
(2079,	29,	'2.1',	'Iron ores and concentrates, iron and steel, raw and processed'),
(2080,	29,	'2.2',	'Non-ferrous metal ores and concentrates, raw and processed'),
(2081,	29,	'2.2.1',	'Copper'),
(2082,	29,	'2.2.2',	'Nickel'),
(2083,	29,	'2.2.3',	'Lead'),
(2084,	29,	'2.2.4',	'Zinc'),
(2085,	29,	'2.2.5',	'Tin'),
(2086,	29,	'2.2.6',	'Gold, silver, platinum and other precious metal'),
(2087,	29,	'2.2.7',	'Bauxite and other aluminium'),
(2088,	29,	'2.2.8',	'Uranium and thorium'),
(2089,	29,	'2.2.9',	'Other n.e.c.'),
(2090,	29,	'2.3',	'Products mainly from metals'),
(2091,	29,	'3',	'Non-metallic minerals, raw and processed'),
(2092,	29,	'3.01',	'Marble, granite, sandstone, porphyry, basalt, other ornamental or building stone (excluding slate)'),
(2093,	29,	'3.02',	'Chalk and dolomite'),
(2094,	29,	'3.03',	'Slate'),
(2095,	29,	'3.04',	'Chemical and fertilizer minerals'),
(2096,	29,	'3.05',	'Salt'),
(2097,	29,	'3.06',	'Limestone and gypsum'),
(2098,	29,	'3.07',	'Clays and kaolin'),
(2099,	29,	'3.08',	'Sand and gravel'),
(2100,	29,	'3.09',	'Other n.e.c.'),
(2101,	29,	'3.10',	'Excavated earthen materials (including soil), only if used'),
(2102,	29,	'3.11',	'Products mainly from non metallic minerals'),
(2103,	29,	'4',	'Fossil energy materials/carriers, raw and processed'),
(2104,	29,	'4.1',	'Coal and other solid energy products, raw and processed'),
(2105,	29,	'4.1.1',	'Lignite (brown coal)'),
(2106,	29,	'4.1.2',	'Hard coal'),
(2107,	29,	'4.1.3',	'Oil shale and tar sands'),
(2108,	29,	'4.1.4',	'Peat'),
(2109,	29,	'4.2',	'Liquid and gaseous energy products, raw and processed'),
(2110,	29,	'4.2.1',	'Crude oil, condensate and natural gas liquids (NGL)'),
(2111,	29,	'4.2.2',	'Natural gas'),
(2112,	29,	'4.2.3',	'Adjustment for residence principle: Fuel bunkered by resident units abroad'),
(2113,	29,	'4.2.3.1',	'Fuel for land transport'),
(2114,	29,	'4.2.3.2',	'Fuel for water transport'),
(2115,	29,	'4.2.3.3',	'Fuel for air transport'),
(2116,	29,	'4.3',	'Products mainly from fossil energy products'),
(2117,	29,	'5',	'Other products'),
(2118,	29,	'6',	'Waste imported for final treatment and disposal'),
(2175,	30,	'1',	'Biomass and biomass products'),
(2176,	30,	'1.1',	'Crops, raw and processed'),
(2177,	30,	'1.1.01',	'Cereals, raw and processed'),
(2178,	30,	'1.1.02',	'Roots, tubers, raw and processed'),
(2179,	30,	'1.1.03',	'Sugar crops, raw and processed'),
(2180,	30,	'1.1.04',	'Pulses, raw and processed'),
(2181,	30,	'1.1.05',	'Nuts, raw and processed'),
(2182,	30,	'1.1.06',	'Oil-bearing crops, raw and processed'),
(2183,	30,	'1.1.07',	'Vegetables, raw and processed'),
(2184,	30,	'1.1.08',	'Fruits, raw and processed'),
(2185,	30,	'1.1.09',	'Fibres, raw and processed'),
(2186,	30,	'1.1.10',	'Other crops n.e.c., raw and processed'),
(2187,	30,	'1.2',	'Crop residues and fodder crops'),
(2188,	30,	'1.2.1',	'Crop residues (used), raw and processed'),
(2189,	30,	'1.2.1.1',	'Straw'),
(2190,	30,	'1.2.1.2',	'Other crop residues'),
(2191,	30,	'1.2.2',	'Fodder crops'),
(2192,	30,	'1.2.2.1',	'Fodder crops'),
(2193,	30,	'1.3',	'Wood and wood products'),
(2194,	30,	'1.3.1',	'Timber, raw and processed'),
(2195,	30,	'1.3.2',	'Wood fuel and other extraction, raw and processed'),
(2196,	30,	'1.4',	'Fish capture and other aquatic animals and plants, raw and processed'),
(2197,	30,	'1.4.1',	'Fish capture'),
(2198,	30,	'1.4.2',	'All other aquatic animals and plants'),
(2199,	30,	'1.5',	'Live animals other than in 1.4., and animal products'),
(2200,	30,	'1.5.1',	'Live animals other than in 1.4.'),
(2201,	30,	'1.5.2',	'Meat and meat preparations'),
(2202,	30,	'1.5.3',	'Dairy products, birds eggs, and honey'),
(2203,	30,	'1.5.4',	'Other products from animals (animal fibres, skins, furs, leather etc.)'),
(2204,	30,	'1.6',	'Products mainly from biomass'),
(2205,	30,	'2',	'Metal ores and concentrates, raw and processed'),
(2206,	30,	'2.1',	'Iron ores and concentrates, iron and steel, raw and processed'),
(2207,	30,	'2.2',	'Non-ferrous metal ores and concentrates, raw and processed'),
(2208,	30,	'2.2.1',	'Copper'),
(2209,	30,	'2.2.2',	'Nickel'),
(2210,	30,	'2.2.3',	'Lead'),
(2211,	30,	'2.2.4',	'Zinc'),
(2212,	30,	'2.2.5',	'Tin'),
(2213,	30,	'2.2.6',	'Gold, silver, platinum and other precious metal'),
(2214,	30,	'2.2.7',	'Bauxite and other aluminium'),
(2215,	30,	'2.2.8',	'Uranium and thorium'),
(2216,	30,	'2.2.9',	'Other n.e.c.'),
(2217,	30,	'2.3',	'Products mainly from metals'),
(2218,	30,	'3',	'Non-metallic minerals, raw and processed'),
(2219,	30,	'3.01',	'Marble, granite, sandstone, porphyry, basalt, other ornamental or building stone (excluding slate)'),
(2220,	30,	'3.02',	'Chalk and dolomite'),
(2221,	30,	'3.03',	'Slate'),
(2222,	30,	'3.04',	'Chemical and fertilizer minerals'),
(2223,	30,	'3.05',	'Salt'),
(2224,	30,	'3.06',	'Limestone and gypsum'),
(2225,	30,	'3.07',	'Clays and kaolin'),
(2226,	30,	'3.08',	'Sand and gravel'),
(2227,	30,	'3.09',	'Other n.e.c.'),
(2228,	30,	'3.10',	'Excavated earthen materials (including soil), only if used'),
(2229,	30,	'3.11',	'Products mainly from non metallic minerals'),
(2230,	30,	'4',	'Fossil energy materials/carriers, raw and processed'),
(2231,	30,	'4.1',	'Coal and other solid energy products, raw and processed'),
(2232,	30,	'4.1.1',	'Lignite (brown coal)'),
(2233,	30,	'4.1.2',	'Hard coal'),
(2234,	30,	'4.1.3',	'Oil shale and tar sands'),
(2235,	30,	'4.1.4',	'Peat'),
(2236,	30,	'4.2',	'Liquid and gaseous energy products, raw and processed'),
(2237,	30,	'4.2.1',	'Crude oil, condensate and natural gas liquids (NGL)'),
(2238,	30,	'4.2.2',	'Natural gas'),
(2239,	30,	'4.2.3',	'Adjustment for residence principle: Fuel bunkered by non-resident units domestically'),
(2240,	30,	'4.2.3.1',	'Fuel for land transport'),
(2241,	30,	'4.2.3.2',	'Fuel for water transport'),
(2242,	30,	'4.2.3.3',	'Fuel for air transport'),
(2243,	30,	'4.3',	'Products mainly from fossil energy products'),
(2244,	30,	'5',	'Other products'),
(2245,	30,	'6',	'Waste exported for final treatment and disposal'),
(2302,	31,	'1',	'Emissions to air'),
(2303,	31,	'1.01',	'Carbon dioxide (CO2)'),
(2304,	31,	'1.01.1',	'Carbon dioxide (CO2) from biomass combustion'),
(2305,	31,	'1.01.2',	'Carbon dioxide (CO2) excluding biomass combustion'),
(2306,	31,	'1.02',	'Methane (CH4)'),
(2307,	31,	'1.03',	'Dinitrogen oxide (N2O)'),
(2308,	31,	'1.04',	'Nitrous oxides (NOx)'),
(2309,	31,	'1.05',	'Hydroflourcarbons (HFCs)'),
(2310,	31,	'1.06',	'Perflourocarbons (PFCs)'),
(2311,	31,	'1.07',	'Sulfur hexaflouride'),
(2312,	31,	'1.08',	'Carbon monoxide (CO)'),
(2313,	31,	'1.09',	'Non-methane volatile organic compounds (NMVOC)'),
(2314,	31,	'1.10',	'Sulfur dioxide (SO2)'),
(2315,	31,	'1.11',	'Ammonia (NH3)'),
(2316,	31,	'1.12',	'Heavy metals'),
(2317,	31,	'1.13',	'Persistent organic pollutantsPOPs'),
(2318,	31,	'1.14',	'Particles (e.g   PM10, Dust)'),
(2319,	31,	'2',	'Waste land filled'),
(2320,	31,	'2.1',	'municipal waste - controlled'),
(2321,	31,	'2.1',	'municipal waste - uncontrolled'),
(2322,	31,	'2.2',	'industrial waste - controlled'),
(2323,	31,	'2.2',	'industrial waste - uncontrolled'),
(2324,	31,	'3',	'Emissions to water'),
(2325,	31,	'3.1',	'Nitrogen (N)'),
(2326,	31,	'3.2',	'Phosphorus (P)'),
(2327,	31,	'3.3',	'Heavy metals'),
(2328,	31,	'3.4',	'Other substances and (organic) materials'),
(2329,	31,	'3.5',	'Dumping of materials at sea'),
(2330,	31,	'4',	'Dissipative use of products'),
(2331,	31,	'4.1',	'Organic fertiliser (manure)'),
(2332,	31,	'4.2',	'Mineral fertiliser'),
(2333,	31,	'4.3',	'Sewage sludge'),
(2334,	31,	'4.4',	'Compost'),
(2335,	31,	'4.5',	'Pesticides'),
(2336,	31,	'4.6',	'Seeds'),
(2337,	31,	'4.7',	'Salt and other thawing materials spread on roads (incl   grit)'),
(2338,	31,	'4.8',	'Solvents, laughing gas and other'),
(2339,	31,	'5',	'Dissipative losses (e.g   abrasion from tires, friction products, buildings and infrastructure)'),
(2340,	32,	'1',	'Biomass'),
(2341,	32,	'1.1',	'Crops (excluding fodder crops)'),
(2342,	32,	'1.1.01',	'Cereals'),
(2343,	32,	'1.1.02',	'Roots, tubers'),
(2344,	32,	'1.1.03',	'Sugar crops'),
(2345,	32,	'1.1.04',	'Pulses'),
(2346,	32,	'1.1.05',	'Nuts'),
(2347,	32,	'1.1.06',	'Oil-bearing crops'),
(2348,	32,	'1.1.07',	'Vegetables'),
(2349,	32,	'1.1.08',	'Fruits'),
(2350,	32,	'1.1.09',	'Fibres'),
(2351,	32,	'1.1.10',	'Other crops n.e.c.'),
(2352,	32,	'1.2',	'Crop residues (used), fodder crops and grazed biomass'),
(2353,	32,	'1.2.1',	'Crop residues (used)'),
(2354,	32,	'1.2.1.1',	'Straw'),
(2355,	32,	'1.2.1.2',	'Other crop residues (sugar and fodder beet leaves, other)'),
(2356,	32,	'1.2.2',	'Fodder crops and grazed biomass'),
(2357,	32,	'1.2.2.1',	'Fodder crops (incl. biomass harvest from grassland)'),
(2358,	32,	'1.2.2.2',	'Grazed biomass'),
(2359,	32,	'1.3',	'Wood'),
(2360,	32,	'1.3.1',	'Timber (Industrial roundwood)'),
(2361,	32,	'1.3.2',	'Wood fuel and other extraction'),
(2362,	32,	'1.4',	'Wild fish catch, aquatic plants/animals, hunting and gathering'),
(2363,	32,	'1.4.1',	'Wild fish catch'),
(2364,	32,	'1.4.2',	'All other aquatic animals and plants'),
(2365,	32,	'1.4.3',	'Hunting and gathering'),
(2366,	32,	'2',	'Metal ores (gross ores)'),
(2367,	32,	'2.1',	'Iron'),
(2368,	32,	'2.2',	'Non-ferrous metal'),
(2369,	32,	'2.2.1',	'Copper'),
(2370,	32,	'2.2.2',	'Nickel'),
(2371,	32,	'2.2.3',	'Lead'),
(2372,	32,	'2.2.4',	'Zinc'),
(2373,	32,	'2.2.5',	'Tin'),
(2374,	32,	'2.2.6',	'Gold, silver, platinum and other precious metals'),
(2375,	32,	'2.2.7',	'Bauxite and other aluminium'),
(2376,	32,	'2.2.8',	'Uranium and thorium'),
(2377,	32,	'2.2.9',	'Other n.e.c.'),
(2378,	32,	'3',	'Non metalic minerals'),
(2379,	32,	'3.01',	'Marble, granite, sandstone, porphyry, basalt, other ornamental or building stone (excluding slate)'),
(2380,	32,	'3.02',	'Chalk and dolomite'),
(2381,	32,	'3.03',	'Slate'),
(2382,	32,	'3.04',	'Chemical and fertilizer minerals'),
(2383,	32,	'3.05',	'Salt'),
(2384,	32,	'3.06',	'Limestone and gypsum'),
(2385,	32,	'3.07',	'Clays and kaolin'),
(2386,	32,	'3.08',	'Sand and gravel'),
(2387,	32,	'3.09',	'Other n.e.c'),
(2388,	32,	'3.10',	'Excavated earthen materials (including soil), only if used'),
(2389,	32,	'4',	'Fossil energy materials/carriers'),
(2390,	32,	'4.1',	'Coal and other solid energy materials/carriers'),
(2391,	32,	'4.1.1',	'Lignite (brown coal)'),
(2392,	32,	'4.1.2',	'Hard coal'),
(2393,	32,	'4.1.3',	'Oil shale and tar sands'),
(2394,	32,	'4.1.4',	'Peat'),
(2395,	32,	'4.2',	'Liquid and gaseous energy materials/carriers'),
(2396,	32,	'4.2.1',	'Crude oil, condensate and natural gas liquids (NGL)'),
(2397,	32,	'4.2.2',	'Natural gas'),
(2403,	33,	'1',	'Biomass and biomass products'),
(2404,	33,	'1.1',	'Crops, raw and processed'),
(2405,	33,	'1.1.01',	'Cereals, raw and processed'),
(2406,	33,	'1.1.02',	'Roots, tubers, raw and processed'),
(2407,	33,	'1.1.03',	'Sugar crops, raw and processed'),
(2408,	33,	'1.1.04',	'Pulses, raw and processed'),
(2409,	33,	'1.1.05',	'Nuts, raw and processed'),
(2410,	33,	'1.1.06',	'Oil-bearing crops, raw and processed'),
(2411,	33,	'1.1.07',	'Vegetables, raw and processed'),
(2412,	33,	'1.1.08',	'Fruits, raw and processed'),
(2413,	33,	'1.1.09',	'Fibres, raw and processed'),
(2414,	33,	'1.1.10',	'Other crops n.e.c., raw and processed'),
(2415,	33,	'1.2',	'Crop residues and fodder crops'),
(2416,	33,	'1.2.1',	'Crop residues (used), raw and processed'),
(2417,	33,	'1.2.1.1',	'Straw'),
(2418,	33,	'1.2.1.2',	'Other crop residues'),
(2419,	33,	'1.2.2',	'Fodder crops'),
(2420,	33,	'1.2.2.1',	'Fodder crops'),
(2421,	33,	'1.3',	'Wood and wood products'),
(2422,	33,	'1.3.1',	'Timber, raw and processed'),
(2423,	33,	'1.3.2',	'Wood fuel and other extraction, raw and processed'),
(2424,	33,	'1.4',	'Fish capture and other aquatic animals and plants, raw and processed'),
(2425,	33,	'1.4.1',	'Fish capture'),
(2426,	33,	'1.4.2',	'All other aquatic animals and plants'),
(2427,	33,	'1.5',	'Live animals other than in 1.4., and animal products'),
(2428,	33,	'1.5.1',	'Live animals other than in 1.4.'),
(2429,	33,	'1.5.2',	'Meat and meat preparations'),
(2430,	33,	'1.5.3',	'Dairy products, birds eggs, and honey'),
(2431,	33,	'1.5.4',	'Other products from animals (animal fibres, skins, furs, leather etc.)'),
(2432,	33,	'1.6',	'Products mainly from biomass'),
(2433,	33,	'2',	'Metal ores and concentrates, raw and processed'),
(2434,	33,	'2.1',	'Iron ores and concentrates, iron and steel, raw and processed'),
(2435,	33,	'2.2',	'Non-ferrous metal ores and concentrates, raw and processed'),
(2436,	33,	'2.2.1',	'Copper'),
(2437,	33,	'2.2.2',	'Nickel'),
(2438,	33,	'2.2.3',	'Lead'),
(2439,	33,	'2.2.4',	'Zinc'),
(2440,	33,	'2.2.5',	'Tin'),
(2441,	33,	'2.2.6',	'Gold, silver, platinum and other precious metal'),
(2442,	33,	'2.2.7',	'Bauxite and other aluminium'),
(2443,	33,	'2.2.8',	'Uranium and thorium'),
(2444,	33,	'2.2.9',	'Other n.e.c.'),
(2445,	33,	'2.3',	'Products mainly from metals'),
(2446,	33,	'3',	'Non-metallic minerals, raw and processed'),
(2447,	33,	'3.01',	'Marble, granite, sandstone, porphyry, basalt, other ornamental or building stone (excluding slate)'),
(2448,	33,	'3.02',	'Chalk and dolomite'),
(2449,	33,	'3.03',	'Slate'),
(2450,	33,	'3.04',	'Chemical and fertilizer minerals'),
(2451,	33,	'3.05',	'Salt'),
(2452,	33,	'3.06',	'Limestone and gypsum'),
(2453,	33,	'3.07',	'Clays and kaolin'),
(2454,	33,	'3.08',	'Sand and gravel'),
(2455,	33,	'3.09',	'Other n.e.c.'),
(2456,	33,	'3.10',	'Excavated earthen materials (including soil), only if used'),
(2457,	33,	'3.11',	'Products mainly from non metallic minerals'),
(2458,	33,	'4',	'Fossil energy materials/carriers, raw and processed'),
(2459,	33,	'4.1',	'Coal and other solid energy products, raw and processed'),
(2460,	33,	'4.1.1',	'Lignite (brown coal)'),
(2461,	33,	'4.1.2',	'Hard coal'),
(2462,	33,	'4.1.3',	'Oil shale and tar sands'),
(2463,	33,	'4.1.4',	'Peat'),
(2464,	33,	'4.2',	'Liquid and gaseous energy products, raw and processed'),
(2465,	33,	'4.2.1',	'Crude oil, condensate and natural gas liquids (NGL)'),
(2466,	33,	'4.2.2',	'Natural gas'),
(2467,	33,	'4.2.3',	'Adjustment for residence principle: Fuel bunkered by resident units abroad'),
(2468,	33,	'4.2.3.1',	'Fuel for land transport'),
(2469,	33,	'4.2.3.2',	'Fuel for water transport'),
(2470,	33,	'4.2.3.3',	'Fuel for air transport'),
(2471,	33,	'4.3',	'Products mainly from fossil energy products'),
(2472,	33,	'5',	'Other products'),
(2473,	33,	'6',	'Waste imported for final treatment and disposal'),
(2530,	34,	'1',	'Biomass and biomass products'),
(2531,	34,	'1.1',	'Crops, raw and processed'),
(2532,	34,	'1.1.01',	'Cereals, raw and processed'),
(2533,	34,	'1.1.02',	'Roots, tubers, raw and processed'),
(2534,	34,	'1.1.03',	'Sugar crops, raw and processed'),
(2535,	34,	'1.1.04',	'Pulses, raw and processed'),
(2536,	34,	'1.1.05',	'Nuts, raw and processed'),
(2537,	34,	'1.1.06',	'Oil-bearing crops, raw and processed'),
(2538,	34,	'1.1.07',	'Vegetables, raw and processed'),
(2539,	34,	'1.1.08',	'Fruits, raw and processed'),
(2540,	34,	'1.1.09',	'Fibres, raw and processed'),
(2541,	34,	'1.1.10',	'Other crops n.e.c., raw and processed'),
(2542,	34,	'1.2',	'Crop residues and fodder crops'),
(2543,	34,	'1.2.1',	'Crop residues (used), raw and processed'),
(2544,	34,	'1.2.1.1',	'Straw'),
(2545,	34,	'1.2.1.2',	'Other crop residues'),
(2546,	34,	'1.2.2',	'Fodder crops'),
(2547,	34,	'1.2.2.1',	'Fodder crops'),
(2548,	34,	'1.3',	'Wood and wood products'),
(2549,	34,	'1.3.1',	'Timber, raw and processed'),
(2550,	34,	'1.3.2',	'Wood fuel and other extraction, raw and processed'),
(2551,	34,	'1.4',	'Fish capture and other aquatic animals and plants, raw and processed'),
(2552,	34,	'1.4.1',	'Fish capture'),
(2553,	34,	'1.4.2',	'All other aquatic animals and plants'),
(2554,	34,	'1.5',	'Live animals other than in 1.4., and animal products'),
(2555,	34,	'1.5.1',	'Live animals other than in 1.4.'),
(2556,	34,	'1.5.2',	'Meat and meat preparations'),
(2557,	34,	'1.5.3',	'Dairy products, birds eggs, and honey'),
(2558,	34,	'1.5.4',	'Other products from animals (animal fibres, skins, furs, leather etc.)'),
(2559,	34,	'1.6',	'Products mainly from biomass'),
(2560,	34,	'2',	'Metal ores and concentrates, raw and processed'),
(2561,	34,	'2.1',	'Iron ores and concentrates, iron and steel, raw and processed'),
(2562,	34,	'2.2',	'Non-ferrous metal ores and concentrates, raw and processed'),
(2563,	34,	'2.2.1',	'Copper'),
(2564,	34,	'2.2.2',	'Nickel'),
(2565,	34,	'2.2.3',	'Lead'),
(2566,	34,	'2.2.4',	'Zinc'),
(2567,	34,	'2.2.5',	'Tin'),
(2568,	34,	'2.2.6',	'Gold, silver, platinum and other precious metal'),
(2569,	34,	'2.2.7',	'Bauxite and other aluminium'),
(2570,	34,	'2.2.8',	'Uranium and thorium'),
(2571,	34,	'2.2.9',	'Other n.e.c.'),
(2572,	34,	'2.3',	'Products mainly from metals'),
(2573,	34,	'3',	'Non-metallic minerals, raw and processed'),
(2574,	34,	'3.01',	'Marble, granite, sandstone, porphyry, basalt, other ornamental or building stone (excluding slate)'),
(2575,	34,	'3.02',	'Chalk and dolomite'),
(2576,	34,	'3.03',	'Slate'),
(2577,	34,	'3.04',	'Chemical and fertilizer minerals'),
(2578,	34,	'3.05',	'Salt'),
(2579,	34,	'3.06',	'Limestone and gypsum'),
(2580,	34,	'3.07',	'Clays and kaolin'),
(2581,	34,	'3.08',	'Sand and gravel'),
(2582,	34,	'3.09',	'Other n.e.c.'),
(2583,	34,	'3.10',	'Excavated earthen materials (including soil), only if used'),
(2584,	34,	'3.11',	'Products mainly from non metallic minerals'),
(2585,	34,	'4',	'Fossil energy materials/carriers, raw and processed'),
(2586,	34,	'4.1',	'Coal and other solid energy products, raw and processed'),
(2587,	34,	'4.1.1',	'Lignite (brown coal)'),
(2588,	34,	'4.1.2',	'Hard coal'),
(2589,	34,	'4.1.3',	'Oil shale and tar sands'),
(2590,	34,	'4.1.4',	'Peat'),
(2591,	34,	'4.2',	'Liquid and gaseous energy products, raw and processed'),
(2592,	34,	'4.2.1',	'Crude oil, condensate and natural gas liquids (NGL)'),
(2593,	34,	'4.2.2',	'Natural gas'),
(2594,	34,	'4.2.3',	'Adjustment for residence principle: Fuel bunkered by non-resident units domestically'),
(2595,	34,	'4.2.3.1',	'Fuel for land transport'),
(2596,	34,	'4.2.3.2',	'Fuel for water transport'),
(2597,	34,	'4.2.3.3',	'Fuel for air transport'),
(2598,	34,	'4.3',	'Products mainly from fossil energy products'),
(2599,	34,	'5',	'Other products'),
(2600,	34,	'6',	'Waste exported for final treatment and disposal'),
(2657,	35,	'1',	'Emissions to air'),
(2658,	35,	'1.01',	'Carbon dioxide (CO2)'),
(2659,	35,	'1.01.1',	'Carbon dioxide (CO2) from biomass combustion'),
(2660,	35,	'1.01.2',	'Carbon dioxide (CO2) excluding biomass combustion'),
(2661,	35,	'1.02',	'Methane (CH4)'),
(2662,	35,	'1.03',	'Dinitrogen oxide (N2O)'),
(2663,	35,	'1.04',	'Nitrous oxides (NOx)'),
(2664,	35,	'1.05',	'Hydroflourcarbons (HFCs)'),
(2665,	35,	'1.06',	'Perflourocarbons (PFCs)'),
(2666,	35,	'1.07',	'Sulfur hexaflouride'),
(2667,	35,	'1.08',	'Carbon monoxide (CO)'),
(2668,	35,	'1.09',	'Non-methane volatile organic compounds (NMVOC)'),
(2669,	35,	'1.10',	'Sulfur dioxide (SO2)'),
(2670,	35,	'1.11',	'Ammonia (NH3)'),
(2671,	35,	'1.12',	'Heavy metals'),
(2672,	35,	'1.13',	'Persistent organic pollutantsPOPs'),
(2673,	35,	'1.14',	'Particles (e.g   PM10, Dust)'),
(2674,	35,	'2',	'Waste land filled'),
(2675,	35,	'2.1',	'municipal waste - controlled'),
(2676,	35,	'2.1',	'municipal waste - uncontrolled'),
(2677,	35,	'2.2',	'industrial waste - controlled'),
(2678,	35,	'2.2',	'industrial waste - uncontrolled'),
(2679,	35,	'3',	'Emissions to water'),
(2680,	35,	'3.1',	'Nitrogen (N)'),
(2681,	35,	'3.2',	'Phosphorus (P)'),
(2682,	35,	'3.3',	'Heavy metals'),
(2683,	35,	'3.4',	'Other substances and (organic) materials'),
(2684,	35,	'3.5',	'Dumping of materials at sea'),
(2685,	35,	'4',	'Dissipative use of products'),
(2686,	35,	'4.1',	'Organic fertiliser (manure)'),
(2687,	35,	'4.2',	'Mineral fertiliser'),
(2688,	35,	'4.3',	'Sewage sludge'),
(2689,	35,	'4.4',	'Compost'),
(2690,	35,	'4.5',	'Pesticides'),
(2691,	35,	'4.6',	'Seeds'),
(2692,	35,	'4.7',	'Salt and other thawing materials spread on roads (incl   grit)'),
(2693,	35,	'4.8',	'Solvents, laughing gas and other'),
(2694,	35,	'5',	'Dissipative losses (e.g   abrasion from tires, friction products, buildings and infrastructure)');

DROP TABLE IF EXISTS `mfa_scales`;
CREATE TABLE `mfa_scales` (
  `id` int(10) unsigned NOT NULL AUTO_INCREMENT,
  `dataset` int(10) unsigned NOT NULL,
  `name` varchar(255) COLLATE utf8_unicode_ci NOT NULL,
  PRIMARY KEY (`id`),
  KEY `dataset` (`dataset`),
  CONSTRAINT `mfa_scales_ibfk_1` FOREIGN KEY (`dataset`) REFERENCES `mfa_dataset` (`id`)
) ENGINE=InnoDB DEFAULT CHARSET=utf8 COLLATE=utf8_unicode_ci;

INSERT INTO `mfa_scales` (`id`, `dataset`, `name`) VALUES
(1,	1,	'Municipality of Cape Town'),
(2,	1,	'City of Cape Town'),
(4,	1,	'Western Cape');

DROP TABLE IF EXISTS `mfa_sources`;
CREATE TABLE `mfa_sources` (
  `id` int(10) unsigned NOT NULL AUTO_INCREMENT,
  `dataset` int(10) unsigned NOT NULL,
  `type` int(10) unsigned DEFAULT NULL,
  `name` varchar(255) COLLATE utf8_unicode_ci NOT NULL,
  `url` varchar(255) COLLATE utf8_unicode_ci NOT NULL,
  `details` text COLLATE utf8_unicode_ci NOT NULL,
  `pending` tinyint(1) unsigned NOT NULL,
  `created` datetime NOT NULL DEFAULT CURRENT_TIMESTAMP,
  PRIMARY KEY (`id`),
  KEY `type` (`type`),
  KEY `dataset` (`dataset`),
  CONSTRAINT `mfa_sources_ibfk_1` FOREIGN KEY (`type`) REFERENCES `mfa_sources_types` (`id`),
  CONSTRAINT `mfa_sources_ibfk_2` FOREIGN KEY (`dataset`) REFERENCES `mfa_dataset` (`id`)
) ENGINE=InnoDB DEFAULT CHARSET=utf8 COLLATE=utf8_unicode_ci;


DROP TABLE IF EXISTS `mfa_sources_types`;
CREATE TABLE `mfa_sources_types` (
  `id` int(10) unsigned NOT NULL AUTO_INCREMENT,
  `dataset` int(10) unsigned NOT NULL,
  `name` varchar(255) COLLATE utf8_unicode_ci NOT NULL,
  PRIMARY KEY (`id`),
  KEY `dataset` (`dataset`),
  CONSTRAINT `mfa_sources_types_ibfk_1` FOREIGN KEY (`dataset`) REFERENCES `mfa_dataset` (`id`)
) ENGINE=InnoDB DEFAULT CHARSET=utf8 COLLATE=utf8_unicode_ci;

INSERT INTO `mfa_sources_types` (`id`, `dataset`, `name`) VALUES
(7,	1,	'Website'),
(8,	1,	'Government Report'),
(9,	1,	'Statistical Publication'),
(10,	1,	'Academic Paper');

DROP TABLE IF EXISTS `papers`;
CREATE TABLE `papers` (
  `id` int(11) NOT NULL AUTO_INCREMENT,
  `title` varchar(255) COLLATE utf8_unicode_ci NOT NULL,
  `author` varchar(255) COLLATE utf8_unicode_ci NOT NULL,
  `volume` varchar(255) COLLATE utf8_unicode_ci NOT NULL,
  `issue` varchar(255) COLLATE utf8_unicode_ci NOT NULL,
  `pages` varchar(255) COLLATE utf8_unicode_ci NOT NULL,
  `length` smallint(6) NOT NULL,
  `year` year(4) NOT NULL,
  `doi` varchar(255) COLLATE utf8_unicode_ci NOT NULL,
  `abstract` text COLLATE utf8_unicode_ci NOT NULL,
  `abstract_status` enum('pending','author_approved','journal_approved','open_access','not_approved') COLLATE utf8_unicode_ci NOT NULL DEFAULT 'pending',
  `link` varchar(255) COLLATE utf8_unicode_ci NOT NULL,
  `keywords` varchar(600) COLLATE utf8_unicode_ci NOT NULL,
  `source` smallint(6) NOT NULL,
  `status` enum('active','pending','deleted') COLLATE utf8_unicode_ci NOT NULL DEFAULT 'active',
  PRIMARY KEY (`id`),
  KEY `source` (`source`),
  KEY `status` (`status`),
  CONSTRAINT `papers_ibfk_1` FOREIGN KEY (`source`) REFERENCES `sources` (`id`)
) ENGINE=InnoDB DEFAULT CHARSET=utf8 COLLATE=utf8_unicode_ci;

INSERT INTO `papers` (`id`, `title`, `author`, `volume`, `issue`, `pages`, `length`, `year`, `doi`, `abstract`, `abstract_status`, `link`, `keywords`, `source`, `status`) VALUES
(1,	'An Analysis of Stocks and Flows Associated with Water Consumption in Indian Households',	' G. Venkatesh',	'17',	'3',	' 472&ndash;481',	9,	'2013',	'10.1111/j.1530-9290.2012.00530.x',	'<p>The focus of urban water system metabolism studies has, by and large, been restricted to what comes under the domain of the urban water utilities: water treatment and supply, and wastewater collection, treatment, and disposal. The material and energy flows both necessitated and facilitated by the supply of treated water to households&mdash;the water demand subsystem&mdash;are by no means negligible. This article studies the key flows into households associated with water consumption and the environmental impacts related to the same for India as a whole. Electricity consumption in washing machines and water heaters contributes the most to almost all the 13 environmental impact categories considered. This is easily explained by the fossil fuel heaviness of the Indian mix (&gt;60%). Soaps contribute the most to terrestrial eco&#x2010;toxicity and malodorous air. In India, on a national scale, all the environmental impact categories deserve attention. The absolute consumption of electricity, soaps, and detergents, and the demand for home appliances will increase in the years to come.</p>                                   ',	'pending',	'http://doi.wiley.com/10.1111/j.1530-9290.2012.00530.x',	'<li>electricity;</li><li>energy use;</li><li>environmental impact;</li><li>industrial ecology;</li><li>material flow analysis (MFA);</li><li>soaps</li>',	1,	'active'),
(2,	'The Biomass Metabolism of the Food System: A Model-Based Survey of the Global and Regional Turnover of Food Biomass',	' Stefan Wirsenius',	'7',	'1',	' 47&ndash;80',	33,	'2003',	'10.1162/108819803766729195',	'<p>The food and agriculture system is among the largest anthropogenic activities in terms of appropriation of land and biological primary production, as well as alteration of the grand biogeochemical cycles of carbon, water, and nitrogen. Despite its importance in these respects, physically coherent descriptions and analyses of the food and agriculture system regarding the total turnover of fundamental flows (such as biomass) and resource use and efficiency of critical processes (such as animal food production) are relatively scarce.</p><p>This article presents a survey of the current flows of biomass in the food and agriculture system. The survey gives a mass&#x2010; and energy&#x2010;balanced description of biomass from its production on cropland and grassland through its transformations into animal and vegetable food products to its final conversion into respiratory heat, feces, and other residues. This assessment was carried out by means of a physical model that, for eight world regions, calculates the necessary production of crops and other phytomass (plant biomass) from a prescribed end use of food, efficiency in food production and processing, and use of system&#x2010;internal by&#x2010;products and residues as feed, feedstock, and food.</p><p>The global appropriation of terrestrial phytomass production by the food system was estimated to be some 13 Pg (1.43 &times; 1010 short tons) dry matter, or 230 EJ (2.18 &times; 1017 Btu) gross energy (higher heating value), per year in 1992&#x2010;1994. Of this phytomass, about 8% ended up in food commodities eaten. Animal food systems accounted for roughly two&#x2010;thirds of the total appropriation of phytomass, whereas their contribution to the human diet was about 13% (both on a gross energy basis). The ruminant meat systems were found to have a far greater influence than any other subsystem on the food system\'s biomass metabolism, primarily because of the lower feed&#x2010;conversion efficiency (calculated as carcass produced by total feed intake, including pasture and other human&#x2010;inedible feedstuffs) of those systems.</p>                                   ',	'pending',	'http://doi.wiley.com/10.1162/108819803766729195',	'<li>agriculture;</li><li>biomass;</li><li>food production;</li><li>materials flow analysis (MFA);</li><li>phytomass;</li><li>ruminants</li>',	1,	'active'),
(3,	'Combining Material Flow Analysis, Life Cycle Assessment, and Multiattribute Utility Theory',	' David Rochat',	'17',	'5',	' 642&ndash;655',	13,	'2013',	'10.1111/jiec.12025',	'<p>Three assessment methods, material flow analysis (MFA), life cycle analysis (LCA), and multiattribute utility theory (MAUT) are systematically combined for supporting the choice of best end&#x2010;of&#x2010;life scenarios for polyethylene terephthalate (PET) waste in a municipality of a developing country. MFA analyzes the material and energy balance of a firm, a region, or a nation, identifying the most relevant processes; LCA evaluates multiple environmental impacts of a product or a service from cradle to grave; and MAUT allows for inclusion of other aspects along with the ecological ones in the assessment.</p><p>We first systematically coupled MFA and LCA by defining &ldquo;the service offered by the total PET used during one year in the region&rdquo; as the functional unit. Inventory and impacts were calculated by multiplying MFA flows with LCA impacts per kilogram. We used MAUT to include social and economic aspects in the assessment. To integrate the subjective point of view of stakeholders in the MAUT, we normalized the environmental, social, and economic variables with respect to the magnitude of overall impacts or benefits in the country.</p><p>The results show large benefits for recycling scenarios from all points of view and also provide information about waste treatment optimization. The combination of the three assessment methods offers a powerful integrative assessment of impacts and benefits. Further research should focus on data collection methods to easily determine relevant material flows. LCA impact factors specific to Colombia should be developed, as well as more reliable social indicators.</p>                                   ',	'pending',	'http://doi.wiley.com/10.1111/jiec.12025',	'<li>life cycle assessment (LCA);</li><li>material flow analysis (MFA);</li><li>multiattribute utility theory (MAUT);</li><li>normalization;</li><li>plastics recycling;</li><li>recycling</li>',	1,	'active'),
(4,	'A Material Flow Accounting Case Study of the Lisbon Metropolitan Area using the Urban Metabolism Analyst Model',	' Leonardo Rosado',	'18',	'1',	' 84&ndash;101',	17,	'2014',	'10.1111/jiec.12083',	'<p>This article describes a new methodological framework to account for urban material flows and stocks, using material flow accounting (MFA) as the underlying method. The proposed model, urban metabolism analyst (UMAn), bridges seven major gaps in previous urban metabolism studies: lack of a unified methodology; lack of material flows data at the urban level; limited categorizations of material types; limited results about material flows as they are related to economic activities; limited understanding of the origin and destination of flows; lack of understanding about the dynamics of added stock; and lack of knowledge about the magnitude of the flow of materials that are imported and then, to a great extent, exported.</p><p>To explore and validate the UMAn model, a case study of the Lisbon Metropolitan Area was used. An annual time series of material flows from 2003 to 2009 is disaggregated by the model into 28 material types, 55 economic activity categories, and 18 municipalities. Additionally, an annual projection of the obsolescence of materials for 2010&ndash;2050 was performed. The results of the case study validate the proposed methodology, which broadens the contribution of existing urban MFA studies and presents pioneering information in the field of urban metabolism. In particular, the model associates material flows with economic activities and their spatial location within the urban area.</p>                                   ',	'pending',	'http://doi.wiley.com/10.1111/jiec.12083',	'<li>disaggregation;</li><li>European Union;</li><li>industrial ecology;</li><li>material flow analysis (MFA);</li><li>resource management;</li><li>urban planning</li>',	1,	'active'),
(5,	'Aluminum Stock and Flows in U.S. Passenger Vehicles and Implications for Energy Use',	' Lynette Cheah',	'13',	'5',	' 718&ndash;734',	16,	'2009',	'10.1111/j.1530-9290.2009.00176.x',	'<p>In this article, a methodology to model the annual stock and flows of aluminum in a key end&#x2010;use sector in the United States&mdash;passenger vehicles&mdash;from 1975&ndash;2035 is described. This dynamic material flow model has enabled analysis of the corresponding energy embodied in automotive aluminum as well as the cumulative aluminum production energy demand. The former was found to be significant at 2.6 &times; 109 gigajoules (GJ) in year 2008 under baseline assumptions. From 2008&ndash;2035, the cumulative energy required to produce aluminum to be used in vehicles is estimated at 7.8 &times; 109 GJ. Although the automotive aluminum stock is expected to increase by 1.8 times by 2035, the corresponding energy embodied is not expected to grow as rapidly due to efficiency improvements in aluminum processing over time. The model\'s robustness was tested by checking the sensitivity of the results to variations in key input assumptions, including future vehicle sales, lifetimes, and scrap recovery. Sensitivity of energy embodied in automotive aluminum to changes in aluminum production efficiency and aluminum applications within the vehicle were also explored. Using more recycled aluminum or improving the energy efficiency of aluminum production at a faster rate can lower production energy demands. However, aggressive and sustained changes are needed beginning today to achieve meaningful reductions. This may potentially be countered by increased use of stamped aluminum in vehicles.</p>                                   ',	'pending',	'http://doi.wiley.com/10.1111/j.1530-9290.2009.00176.x',	'<li>aluminum;</li><li>automobile;</li><li>dynamic modeling;</li><li>energy use;</li><li>industrial ecology;</li><li>material flow analysis (MFA)</li>',	1,	'active'),
(6,	'Urban Metabolism in China Achieving Dematerialization and Decarbonization in Suzhou',	' Sai Liang and Tianzhu Zhang',	'15',	'3',	' 420&ndash;434',	14,	'2011',	'10.1111/j.1530-9290.2011.00343.x',	'<p>Urban metabolism is a critical component of urban sustainability. On the basis of the driving force&minus;pressure&minus;state&minus;response (DPSR) model and using material flow analysis, this article proposes a framework for sustainable urban management and policy assessment. A case study city in China, Suzhou, illustrates this framework. The results show that resource consumption (excluding water), water consumption, and waste generation (excluding carbon dioxide) in Suzhou after implementation of proposed policies will be 14% lower than 2005 levels, 4.5% higher, and 28.9% higher, respectively, in 2015. Carbon dioxide (CO2) emissions in Suzhou will increase by 71.0% in 2015 over 2005 levels, whereas carbon intensity (CO2 emissions per unit of gross domestic product) will decrease by 44.9%. Future pollution control in Suzhou should pay more attention to pollution from vehicles. In addition, goals for relative dematerialization of energy and decarbonization in Suzhou will be achieved before absolute ones are. In the short term, the urban metabolism of Suzhou in 2015 may meet corresponding urban objectives. In the longer term, however, reducing the city\'s resource demand and waste generation will pose challenges for the sustainability of Suzhou.</p>                                   ',	'pending',	'http://doi.wiley.com/10.1111/j.1530-9290.2011.00343.x',	'<li>decarbonization;</li><li>dematerialization;</li><li>driving force&minus;pressure&minus;state&minus;response (DPSR) model;</li><li>economy&#x2010;wide material flow analysis (EW&#x2010;MFA);</li><li>industrial ecology;</li><li>urban sustainability</li>',	1,	'active'),
(7,	'Smart Labels for Waste and Resource Management',	' Claudia R. Binder',	'12',	'2',	' 207&ndash;228',	21,	'2008',	'10.1111/j.1530-9290.2008.00016.x',	'<p>This article explores the potential of RFID (radio frequency identification device) for improving the current waste and resource management system in Switzerland. It presents the following three possible options for utilizing RFID tags to support waste management processes: &ldquo;at source automation&rdquo; (using a &ldquo;smart&rdquo; trash can), &ldquo;end of pipe I&rdquo; (combination of the current system with an additional separation of recyclables before incineration), and &ldquo;end of pipe II&rdquo; (replacement of the current recycling infrastructure by sorting at the incineration plant). These options tackle the waste and resource management chain during different processes (i.e., waste generation, waste separation, and treatment). Based on an MFA (material flow analysis), we performed a multicriteria assessment of these options with experts from the waste management sector.</p><p>The assessment of ten experts in the waste management field regarding the proposed options for batteries and electrical appliances showed that, from an ecological perspective, the implementation of RFID in waste management would be desirable and would lead to an improvement in the current recycling rate in Switzerland for the goods studied. From an economic perspective, new investments would be required in the range of 1 to 5 times the maintenance costs of the current separate collection system. From a social perspective, the utilization of RFID tags in the waste management process was ambiguous. In particular, the end of pipe II option would, on the one hand, significantly improve convenience for consumers. On the other hand, experts see privacy and, what is more, social responsibility as being under threat. The experts considered the ecological and social aspects to be more relevant than the economic ones, preferring the end of pipe I option over the other options and the status quo.</p>                                   ',	'pending',	'http://doi.wiley.com/10.1111/j.1530-9290.2008.00016.x',	'<li>batteries;</li><li>industrial ecology;</li><li>material flow analysis (MFA);</li><li>multi&#x2010;attribute utility theory (MAUT);</li><li>radio frequency identification device (RFID);</li><li>recycling</li>',	1,	'active'),
(8,	'Western European Materials as Sources and Sinks of CO2',	' Dolf J. Gielen',	'2',	'2',	' 43&ndash;62',	19,	'1998',	'10.1162/jiec.1998.2.2.43',	'<p>Materials use is an important factor influencing carbon dioxide (CO2) emissions because significant amounts of carbon dioxide are released during the production of materials from natural resources, and because products and wastes can function as important sinks for CO2. This article analyzes the impact of Western European materials use on CO2 emissions. The material flows for steel, cement, petrochemicals, and wood products are analyzed in more detail. The analysis shows that particular characteristics of the materials system must be considered in the development of emission reduction strategies. It is important to select a relatively closed system for policymaking, as in Western Europe, in order to prevent unwanted transboundary effects. The materials stored in the form of products, and the net exports of materials, products, and waste limit the potential of a recycling strategy. Carbon storage in products and waste disposal sites is significant both for synthetic and natural organic materials, but is not accounted for in natural organic materials in current emissions statistics. Accordingly the emissions accounting practices should be modified to reflect the storage of such materials.</p>                                   ',	'pending',	'http://doi.wiley.com/10.1162/jiec.1998.2.2.43',	'<li>carbon dioxide;</li><li>cement;</li><li>forest products;</li><li>materials flow analysis;</li><li>petrochemicals;</li><li>steel</li>',	1,	'active'),
(9,	'Australia\'s Resource Use Trajectories',	' Heinz Schandl',	'12',	'5',	' 669&ndash;685',	16,	'2008',	'10.1111/j.1530-9290.2008.00075.x',	'<p>Australia\'s export&#x2010;oriented large natural resources sectors of agriculture and mining, the ways large&#x2010;scale services, such as nutrition, water, housing, transport and mobility, and energy are organized, and the consumption patterns of Australia\'s wealthy urban households, create a unique pattern of overall resource use in Australia. In an attempt to contribute to a new environmental information system compatible with economic accounts, we represent Australia\'s resource use by employing standard biophysical indicators for resource use developed within the Organisation for Economic Co&#x2010;operation and Development (OECD) context. We look at the last 3 decades of resource use and the economic, social, and environmental implications. We also discuss scenarios of future resource use patterns based on a stocks and flows model of the Australian economy. We argue that current extractive economic patterns have contributed to the recent economic boom in Australia but will eventually lead to negative social and environmental outcomes. Although there is currently little evidence of political support for changing the economic focus on export&#x2010;oriented agriculture and mining industries, there is significant potential for improvements in socio&#x2010;technological systems and room for more sustainable household consumption.</p>                                   ',	'pending',	'http://doi.wiley.com/10.1111/j.1530-9290.2008.00075.x',	'<li>industrial ecology;</li><li>indicators;</li><li>material flow analysis (MFA);</li><li>natural resources;</li><li>physical accounting;</li><li>resource productivity</li>',	1,	'active'),
(10,	'Regional Patterns in Global Resource Extraction',	' Heinz Schandl and Nina Eisenmenger',	'10',	'4',	' 133&ndash;147',	14,	'2006',	'10.1162/jiec.2006.10.4.133',	'<p>This article presents an account of global resource extraction for the year 1999 by material groups, world regions, and development status. The account is based on materials flow analysis methodology and provides benchmark information for political strategies toward sustainable resource management. It shows that currently around 50 thousand megatons of resources are extracted yearly on a global scale, which results in a yearly global average resource use of around 8 tonnes per capita. Assuming further growth in world regions not yet close to the levels of resource use in the industrial cores&mdash;such as India or China&mdash;numbers could easily double once these parts of the world come to fully incorporate the industrial mode of production and consumption. This article contributes to information on resource use indicators, complementing and enriching information from economic accounting in order to facilitate political measures toward a sustainable use of resources.</p>                                   ',	'pending',	'http://doi.wiley.com/10.1162/jiec.2006.10.4.133',	'<li>consumption;</li><li>industrial ecology;</li><li>materials flow analysis (MFA);</li><li>natural resources;</li><li>resource extraction;</li><li>sustainable resource use</li>',	1,	'active'),
(11,	'The Changing Metabolism of Cities',	' Christopher Kennedy',	'11',	'2',	' 43&ndash;59',	16,	'2007',	'10.1162/jie.2007.1107',	'',	'pending',	'http://doi.wiley.com/10.1162/jie.2007.1107',	'<li>global cities;</li><li>industrial ecology;</li><li>materials flow analysis (MFA);</li><li>sustainable cities;</li><li>urban environment;</li><li>urban metabolism</li>',	1,	'active'),
(12,	'Chlorine in the Netherlands, Part I, An Overview',	' Ren&eacute; Kleijn',	'1',	'1',	' 95&ndash;116',	21,	'1997',	'10.1162/jiec.1997.1.1.95',	'<p>Over the last decade debate among environmental pressure groups, industry, and the authorities overthe threat posed by chlorine has become extremely polarized. In response, the Dutch minister of the environment commissioned a strategic study on chlorine. The first phase of the study described in this article, was designed as a substance flow analysis, encompassing some 99% of the flows of chlorinated hydrocarbons (CHC) in the Netherlands. The study provided an overview of flows of CHC through the Dutch anthroposphere and to inventory the leaks to the environment. Emissions, wastestreams, exports, imports, and flows through the anthroposphere were inventoried, drawing on all possible sources including the Dutch emission registration database, life&#x2010;cycle assessment (LCA) databases, and industrial data. Emissions were evaluated using the characterization step from LCA methodology. Emissions with toxicological effects were also evaluated on the basis of actual risk assessments of the National Institute of Public Health and Environmental Protection (RIVM).This resulted in the establishment of six groups of priority segments in the Dutch chlorine chain, for which additional measures will be prepared. The study showed that the environmental groups\' pronouncements about the structural dangers associated with the chlorine chain are not supported by current knowledge. The study however; also indicates that important areas of uncertainty require attention, especially relating to the possible emissions of persistent bioaccumulating toxic micropollutants.</p>                                   ',	'pending',	'http://doi.wiley.com/10.1162/jiec.1997.1.1.95',	'<li>chlorine;</li><li>chlorine balance in the Netherlands;</li><li>industrial metabolism;</li><li>materials accounting;</li><li>risk assessment;</li><li>substance flow analysis</li>',	1,	'active'),
(13,	'Calculation of the&ldquo;Net Additions to Stock&rdquo; Indicator for the Czech Republic Using a Direct Method',	' Jan Kovanda',	'11',	'4',	' 140&ndash;154',	14,	'2007',	'10.1162/jiec.2007.1155',	'',	'pending',	'http://doi.wiley.com/10.1162/jiec.2007.1155',	'<li>buildings;</li><li>durable goods;</li><li>economy&#x2010;wide material flow analysis (EW&#x2010;MFA);</li><li>industrial ecology;</li><li>industrial metabolism;</li><li>infrastructure</li>',	1,	'active'),
(14,	'Scenario Analysis of Sulfur Dioxide Emissions Reduction Potential in China\'s Iron and Steel Industry',	' Shuhua Ma',	'16',	'4',	' 506&ndash;517',	11,	'2012',	'10.1111/j.1530-9290.2011.00418.x',	'<p>Acid rain remains an important environmental problem. The Chinese steel industry is becoming a key domestic emitter of sulfur dioxide (SO2), the central molecular component of acid rain. In this study SO2 emission potential is assessed by developing a material flow analysis (MFA) model and generating four different SO2 industry emission scenarios from 2006 to 2030, with each scenario representing a possible development path for the industry. When SO2 emission factors in every unit of steel production are presumed to remain constant through 2030, scenario analysis results show that under a business&#x2010;as&#x2010;usual (BAU) scenario SO2 emissions will experience sustained growth to a peak value of 1.73 million metric tons (megatons, Mt) through 2020, approximately 52% higher than that in 2006, and that this trend is unlikely to be reversed. The high scenario and medium scenario demonstrate that it is difficult to control SO2 emissions to an acceptable level by only upgrading technology and making industrial structural adjustments. Yet through the incorporation of sintering gas desulfurization, the low scenario can smoothly bridge the gap between the simulative SO2 emissions and the envisioned value, since sintering is the biggest emitter in this industry. Once the desulfurization rate of sintering gas reaches 60%, SO2 emissions will be less than the level of 0.60 Mt in 2030 and will also meet the reduction goals. Moreover, scenario analysis suggests that single terminal control cannot solve the problem of high SO2 emissions. Therefore, in order to control the total SO2 emissions of the steel industry it is imperative that two or more measures be combined.</p>                                   ',	'pending',	'http://doi.wiley.com/10.1111/j.1530-9290.2011.00418.x',	'<li>China;</li><li>emission reduction;</li><li>industrial ecology;</li><li>material flow analysis (MFA);</li><li>steel industry;</li><li>sulfur dioxide (SO<sub>2</sub>)</li>',	1,	'active'),
(15,	'Substance Flow Analysis of Mercury Intentionally Used in Products in the United States',	' Alexis Cain',	'11',	'3',	' 61&ndash;75',	14,	'2007',	'10.1162/jiec.2007.1214',	'Mercury-containing products release mercury (Hg) throughout their lifecycles, frequently in ways that are difficult to measure directly. Therefore, there are considerable uncertainties about the magnitude of mercury releases associated with products, about which products and which release pathways contribute the most to mercury releases, and about the likely impact on mercury releases of various possible interventions in the mercury content of products or in the management of mercury-containing wastes. This article presents an effort to use substance flow analysis to develop improved estimates of the environmental releases caused by mercury-containing products and to provide policy-makers with a better understanding of opportunities for reducing releases of mercury caused by products.',	'pending',	'http://doi.wiley.com/10.1162/jiec.2007.1214',	'<li>dental amalgam;</li><li>heavy metals;</li><li>industrial ecology;</li><li>integrated product policy (IPP);</li><li>materials flow analysis (MFA);</li><li>toxic releases</li>',	1,	'active'),
(16,	'Platinum Group Metal Flows of Europe, Part II',	' Mathieu Saurat and Stefan Bringezu',	'13',	'3',	' 406&ndash;421',	15,	'2009',	'10.1111/j.1530-9290.2008.00106.x',	'<p>A model of the use of the platinum group metals (PGMs) platinum, palladium, and rhodium in Europe has been developed and combined with a model of the environmental pressures related to PGM production. Compared to the base case presented in Part I of this pair of articles, potential changes in PGM production and use are quantified with regard to cumulative and yearly environmental impacts and PGM resource use, for the period 2005&ndash;2020. Reducing sulfur dioxide (SO2) emissions of PGM producer Norilsk Nickel could cut the cumulative SO2 emissions associated with the use of PGMs in Europe by 35%. Cleaner electricity generation in South Africa could reduce cumulative SO2 emissions by another 9%. Increasing the recycling rate of end&#x2010;of&#x2010;life catalytic converters to 70% in 2020 could save 15% of the cumulative primary PGM input into car catalysts and 10% of the SO2 emissions associated with PGM production. In 2020, PGM requirements and SO2 emissions would be, respectively, 40% and 22% lower than the base case.</p><p>Substituting palladium for part of the platinum in diesel catalysts, coupled with a probable palladium price increase, could imply 15% more cumulative SO2 emissions if recycling rates do not increase.</p><p>A future large&#x2010;scale introduction of fuel cell vehicles would require technological improvements to significantly reduce the PGM content of the fuel cell stack. The basic design of such vehicles greatly influences the vehicle power, a key parameter in determining the total PGM requirement.</p>                                   ',	'pending',	'http://doi.wiley.com/10.1111/j.1530-9290.2008.00106.x',	'<li>impact assessment;</li><li>industrial ecology;</li><li>learning curves;</li><li>material flow analysis (MFA);</li><li>sustainable resource use;</li><li>technological development</li>',	1,	'active'),
(17,	'How to Deal with Resource Productivity',	' Yu Gan',	'17',	'3',	' 440&ndash;451',	11,	'2013',	'10.1111/j.1530-9290.2012.00547.x',	'<p>Resource productivity enhancement stands at the center of tackling issues on environmental pollution and resource scarcity. Identifying influential socioeconomic factors should be the first step in establishing and improving resource management policy. This study compares and analyzes data from multiple countries to construct a resource productivity simulation model. The socioeconomic factors and their characteristic patterns are discussed in detail. The results demonstrate that the major factors influencing resource productivity include income level, population density, economic structure, energy structure, and raw material trade. Among these factors, the three most important are income level, population density, and economic structure. The influencing patterns can be summarized as follows: (1) Resource productivity increases with increasing income levels. (2) Countries with high population density are inclined to demonstrate high resource productivity. (3) The economic structure shows a biphase influence on resource productivity, that is, during industrialization, decreased agricultural activity and increased industrial activity lead to higher resource productivity. On the other hand, after industrialization, decreasing industrial activity and an expanding service sector become the major impetus of resource productivity enhancement. (4) Raw material export demonstrates a negative effect on resource productivity. Countries that depend heavily on raw material export show a unique resource productivity evolution pattern. For these countries, relatively high resource productivity in low income phases and relatively low resource productivity in high income phases show only small increases in resource efficiency and economic growth. Finally, insights from the study are transformed into suggestions for sustainable resource management and resource productivity enhancement.</p>                                   ',	'pending',	'http://doi.wiley.com/10.1111/j.1530-9290.2012.00547.x',	'<li>economic structure;</li><li>economy&#x2010;wide material flow analysis (EW&#x2010;MFA);</li><li>income level;</li><li>industrial ecology;</li><li>international trade;</li><li>population density</li>',	1,	'active'),
(18,	'Global Rare Earth In-Use Stocks in NdFeB Permanent Magnets',	' Xiaoyue Du and T. E. Graedel',	'15',	'6',	' 836&ndash;843',	7,	'2011',	'10.1111/j.1530-9290.2011.00362.x',	'<p>The rare earth elements are indispensible in modern technology, especially in the applications of permanent magnets. Very little quantitative information is available on rare earth elements used in permanent magnets, however. This study looks back to 1983, when neodymium&#x2010;iron&#x2010;boron (NdFeB) permanent magnets were first manufactured, and reaches to 2007, when the market of permanent magnets was well developed. We draw on the historical data on permanent magnets from China, Japan, the United States, and Europe to provide the first estimates of global in&#x2010;use stocks for four rare earth elements&mdash;praseodymium (Pr), neodymium (Nd), terbium (Tb), and dysprosium (Dy)&mdash;in NdFeB permanent magnets. In&#x2010;use stocks amount to 62.6 gigagrams (Gg) Nd, 15.7 Gg Pr, 15.7 Gg Dy, and 3.1 Gg Tb; these stocks, if efficiently recycled, could provide a valuable supplement to geological stocks as they are almost four times the 2007 annual extraction rate of the individual elements.</p>                                   ',	'pending',	'http://doi.wiley.com/10.1111/j.1530-9290.2011.00362.x',	'<li>dysprosium (Dy);</li><li>industrial ecology;</li><li>material flow analysis (MFA);</li><li>praseodymium (Pr);</li><li>neodymium (Nd);</li><li>terbium (Tb)</li>',	1,	'active'),
(19,	'A Comparison of Two Methods to Conduct Material Flow Analysis on Waste Tires in a Small Island Developing State',	' Saumya Sarkar',	'15',	'2',	' 300&ndash;314',	14,	'2011',	'10.1111/j.1530-9290.2010.00323.x',	'<p>The disposal of scrap tires is one of the biggest solid waste issues facing some small island developing states (SIDS) in the Caribbean. Dominica is a small Caribbean island nation that seeks to maintain its well&#x2010;founded image as the &ldquo;Nature Island of the Caribbean.&rdquo; The economy has seen a steadily increasing import of both tires and cars, with no mechanism for exportation of spent tires. This study used data gathered from both government and international sources to estimate the quantity of tires currently on the island and projected each year up to 2020 to determine potential reuse options. We performed a material flow analysis (MFA) using tire import, vehicle registration records, and projected per capita income to determine the expected accumulation of waste tires. Vehicle registration is expected to rise with the island\'s wealth, which will affect the annual flow of tires. Two methods were used to predict vehicle growth over time. Our analysis showed an average waste tire output from the economy of 47,000 to 50,000 passenger tire equivalents (PTEs) per year, or approximately 470 to 500 short tons per year of mass. Such an output does not justify large expenditures of tire shredding and processing equipment, but whole tire applications may be feasible as potential disposition options. The methods can be easily replicated to give low&#x2010;range and high&#x2010;range estimates of waste tires disposed in the environment.</p>                                   ',	'pending',	'http://doi.wiley.com/10.1111/j.1530-9290.2010.00323.x',	'<li>automobiles;</li><li>Caribbean;</li><li>developing countries;</li><li>industrial ecology;</li><li>material flow analysis (MFA);</li><li>small island states</li>',	1,	'active'),
(20,	'Towards an Integrated Regional Materials Flow Accounting Model',	' Philip Sinclair',	'9',	'1',	' 69&ndash;84',	15,	'2005',	'10.1162/1088198054084716',	'<p>A key challenge in attaining regional sustainability is to reduce both the direct and the indirect environmental impacts associated with economic and household activity in the region. Knowing what these flows are and how they change over time is a prerequisite for this task.</p><p>This article describes the early development of an integrated regional materials flow accounting framework. The framework is based on a hybrid (material and economic) multiregional input&#x2010;output model. Using readily available economic and materials data sets together with transport and logistics data, the framework attempts to provide estimates of household resource flows for any U.K. region at quite detailed levels of product and material disaggregation. It is also capable of disaggregating these flows according to specific socioeconomic criteria such as income level or occupation of the head of household. Allied to appropriate energy and life&#x2010;cycle assessment data sets, the model could, in addition, be used to map both direct and indirect environmental impacts associated with these flows.</p><p>The benefits of such an approach are likely to be a considerable reduction of uncertainties in (1) our knowledge of the household metabolism, and hence our predictions of regional household waste generation; (2) our assessment of the impacts of contemplated changes in industrial process siting, and thereby on other aspects of local and regional planning; and (3) our understanding of the impacts of changes in the pattern of demand for different materials and products. It is concluded that the use of such an integrated assessment tool has much to contribute to the debate on regional sustainability.</p>                                   ',	'pending',	'http://doi.wiley.com/10.1162/1088198054084716',	'<li>sustainable consumption;</li><li>materials flow analysis (MFA);</li><li>regional sustainability;</li><li>environmental input&#x2010;output;</li><li>dematerialization;</li><li>mass balance</li>',	1,	'active'),
(21,	'Life-Cycle Global Warming Impact of CFCs and CFC-substitutes for Refrigeration',	' Stella Papasavva and William R. Moomaw',	'1',	'4',	' 71&ndash;91',	20,	'1997',	'10.1162/jiec.1997.1.4.71',	'<p>We have investigated the global warming potential (GWP) of CFC&#x2010;I I, CFC&#x2010;12, and their replacements, HCFC&#x2010;I23 and HFC&#x2010;I34a, based on a life&#x2010;cycle methodology for refrigeration. We have extended the definition of the total equivalent warming impact (TEWI), which considers the GWP (direct) and GWP (indirect) warming potential of each chemical compound, by adding the GWP (chemical production), GWP (recycling), and GWP (atmospheric breakdown products) for each chemical. We call the new index &ldquo;life&#x2010;cycle warming impact&rdquo; (LCWI).We find that the GWP (chemical production) contributes by no more than 1% to LCWI, and that the GWP (indirect) is highly dependent on refrigerator eficiency and the fuel mix of the electricity source used to operate the appliance. The GWP (atmospheric breakdown products) may also have a significant impact on LCWI.</p>                                   ',	'pending',	'http://doi.wiley.com/10.1162/jiec.1997.1.4.71',	'<li>CFCs;</li><li>global warming;</li><li>life&#x2010;cycle impact assessment;</li><li>materials accounting;</li><li>refrigeration;</li><li>substance flow analysis</li>',	1,	'active'),
(22,	'The Sankey Diagram in Energy and Material Flow Management',	' Mario Schmidt',	'12',	'1',	' 82&ndash;94',	12,	'2008',	'10.1111/j.1530-9290.2008.00004.x',	'<p>The Sankey diagram is an important aid in identifying inefficiencies and potential for savings when dealing with resources. It was developed over 100&emsp;years ago by the Irish engineer Riall Sankey to analyze the thermal efficiency of steam engines and has since been applied to depict the energy and material balances of complex systems. The Sankey diagram is the main tool for visualizing industrial metabolism and hence is widely used in industrial ecology. In the history of the early 20th century, it played a major role when raw materials were scarce and expensive and engineers were making great efforts to improve technical systems. Sankey diagrams can also be used to map value flows in systems at the operational level or along global value chains. The article charts the historical development of the diagrams. After the First World War the diagrams were used to produce thermal balances of production plants for glass and cement and to optimize the energy input. In the 1930s, steel and iron ore played a strategic role in Nazi Germany. Their efficient use was highlighted with Sankey diagrams. Since the 1990s, these diagrams have become common for displaying data in life cycle assessments (LCAs) of products. Sankey diagrams can also be used to map value flows in systems at the operational level or along global value added chains. This article, the first of a pair, charts the historical development. The companion article discusses the methodology and the implicit assumptions of such Sankey diagrams.</p>                                   ',	'pending',	'http://doi.wiley.com/10.1111/j.1530-9290.2008.00004.x',	'<li>efficiency;</li><li>energy use;</li><li>industrial ecology;</li><li>industrial engineering;</li><li>material flow analysis (MFA);</li><li>scarcity</li>',	1,	'active'),
(23,	'Experience with the Use of Substance Flow Analysis in Denmark',	' Erik Hansen',	'6',	'3',	' 201&ndash;219',	18,	'2002',	'10.1162/108819802766269601',	'<p>Substance flow analysis (SFA) has been used by the Danish Environmental Protection Agency for more than two decades to identify sources of hazardous substance releases to the environment and to waste streams. More than 35 SFAs have been undertaken using a unified methodology. This article discusses key elements of the methodology and application of the results of the SFAs in Denmark, illustrated by examples. The use of repeated SFAs in the evolution of substance regulation is demonstrated for lead. A cadmium SFA illustrates the use of SFAs to monitor changes in consumption and release of a hazardous substance. Estimates of sources are presented for a number of toxic and resource&#x2010;intensive metals in solid waste incineration and sewage treatment. Most of the SFAs concern hazardous substances, but aluminum represents a case in which the resource perspective is an important element in a national SFA. The Danish SFA on brominated flame retardants illustrates some methodological problems with conducting national SFAs in a global economy in which the substances are mainly imported in finished products.</p>                                   ',	'pending',	'http://doi.wiley.com/10.1162/108819802766269601',	'<li>aluminum;</li><li>brominated flame retardants (BFRs);</li><li>heavy metals;</li><li>lead;</li><li>materials flow analysis (MFA);</li><li>waste management</li>',	1,	'active'),
(24,	'Materials and Energy Flow Analysis of Paper Consumption in the United Kingdom, 1987-2010',	' Erik Sundin',	'5',	'3',	' 89&ndash;105',	16,	'2001',	'10.1162/108819801760049486',	'<p>This article presents the results of a life&#x2010;cycle materials and energy flow analysis for the pulp and paper cycle in the United Kingdom. Material flows are reconstructed for the period be&#x2010;tween 1987 and 1996 for all major processes associated with the paper cycle, and system energy requirements are calculated over this period using the best available data. Attention is drawn to the import dependence of U.K. paper demand, and the significant energy requirements associated with upstream forestry processes. The historical trend analysis is then used to model possible future developments in materials and energy consumption until 2010 under a variety of assumptions about process technology improvements, wastepaper utilization rates, and changing demand trends. The results indicate that policy options to increase recycling yield some energy benefits, but these are small by comparison with the benefits to be gained by reducing consumption of paper and improving process technology. The structure of the electricity supply industry in the United Kingdom means that global energy benefits could also be achieved by increasing the contribution from imported pulp.</p>                                   ',	'pending',	'http://doi.wiley.com/10.1162/108819801760049486',	'<li>forest products;</li><li>materials flow analysis (MFA);</li><li>pulp and paper;</li><li>quasi&#x2010;dynamic modeling;</li><li>technological change;</li><li>wastepaper recycling</li>',	1,	'active'),
(25,	'Urbanization and Socioeconomic Metabolism in Taipei',	' Shu-Li Huang and Chia-Wen Chen',	'13',	'1',	' 75&ndash;93',	18,	'2009',	'10.1111/j.1530-9290.2008.00103.x',	'<p>The analysis of socioeconomic metabolism has largely been dominated by quantification of material flows on a mass basis. This neglects the energetic dimensions of the urban metabolism and makes analysis that integrates material and energy flows difficult. The present research applies Odum\'s emergy concept to integrate energy and material flows for the study of the socioeconomic metabolism of the Taipei area. We also take into consideration the urban sprawl in the Taipei area to study its relationship to the change of socioeconomic metabolism. We interpret SPOT satellite images from 1992 and 2002 to provide a deeper understanding of the whole urban system; results show that Taipei\'s urban areas increased in size during the past decades. Emergy&#x2010;based indicators show decreasing empower densities (total emergy use per area) of undeveloped and agricultural areas, whereas the empower density of urban areas has increased, which signals a convergence of resource flows toward urban areas. Such an increase of empower density is mainly due to fossil fuel use and translates into increased environmental loading and decreased sustainability. An analysis of the relationship between urbanization and socioeconomic metabolism indicates that changes in land use affect the characteristics of socioeconomic metabolism in Taipei. The effects of urban sprawl on Taipei\'s urban sustainability are also discussed.</p>                                   ',	'pending',	'http://doi.wiley.com/10.1111/j.1530-9290.2008.00103.x',	'<li>emergy synthesis;</li><li>industrial ecology;</li><li>land use;</li><li>material flow analysis;</li><li>sprawl;</li><li>urban metabolism</li>',	1,	'active'),
(26,	'Scenarios of Waste Management for a Waste Emergency Area',	' Maria Laura Mastellone',	'13',	'5',	' 735&ndash;757',	22,	'2009',	'10.1111/j.1530-9290.2009.00155.x',	'<p>In the Campania region, an area in the south of Italy with 5.7 million inhabitants and a production of about 7,900 tonnes of municipal solid waste per day, an emergency situation was created by inappropriate waste management policy and practice. In order to support decisions regarding future solutions for this crisis, reliable, transparent, and impartial strategies and concepts are needed. For this purpose, six waste management scenarios have been defined and quantitatively assessed by means of substance flow analysis (SFA). The scenarios are based on firm objectives and recent legislation for waste management and take into account regional waste production and composition as well as existing waste treatment infrastructure. They are evaluated and compared with the status quo in view of reaching the goals of waste management. For each scenario, the following material flows were quantified: wastes that would be sent to different processes, such as those of mechanical&#x2010;biological treatment, incineration, or anaerobic digestion; treatment residues (in mass and volume) to be diverted to landfills; materials recoverable by recycling processes; and energy obtainable by waste&#x2010;to&#x2010;energy and anaerobic digestion plants. The results demonstrate that a future waste management system that is based on a combination of more recycling, thermal treatment, anaerobic digestion, and improved landfilling reaches the objectives of waste management much more closely than the present, inadequate system.</p>                                   ',	'pending',	'http://doi.wiley.com/10.1111/j.1530-9290.2009.00155.x',	'<li>incineration;</li><li>industrial ecology;</li><li>material flow analysis (MFA);</li><li>mechanical&#x2010;biological treatment (MBT);</li><li>municipal solid waste (MSW);</li><li>recycling</li>',	1,	'active'),
(27,	'Material Flows and Economic Growth in Developing China',	' Ming XU and Tianzhu ZHANG',	'11',	'1',	' 121&ndash;140',	19,	'2007',	'10.1162/jiec.2007.1105',	'<p>The concept of sustainable development concerns not only the natural environment but also human societies and economies. The method of economy&#x2010;wide materials flow accounting and analysis (EW&#x2010;MFA) is internationally recognized as a valuable tool for studying the physical dimensions of economies. EW&#x2010;MFA has been carried out in many industrialized countries, but very little work has been done for developing China; this article can be regarded as one of the first attempts to study China\'s economy in terms of materials flows. In this article we have compiled materials flow accounts for China during the time series 1990 to 2002 and derived indicators associated with international comparison. Results show that the annual material consumption of China\'s economy continuously increased except for a slump around 1998, whereas the material efficiency exhibited a three&#x2010;phase trend reflecting different macropolicies of the Eighth, Ninth, and Tenth Five&#x2010;Year Plans implemented by the central government. Based on this experience with EW&#x2010;MFA for China, suggestions for methodology development and further research are given for improving EW&#x2010;MFA as a more effective tool for environmental management.</p>                                   ',	'pending',	'http://doi.wiley.com/10.1162/jiec.2007.1105',	'<li>China;</li><li>economy&#x2010;wide materials flow accounting and analysis (EW&#x2010;MFA);</li><li>industrial ecology;</li><li>industrial metabolism;</li><li>resource use indicators;</li><li>sustainability</li>',	1,	'active'),
(28,	'The Life-Cycle of Chlorine, Part I: Chlorine Production and the Chlorine-Mercury Connection',	' Robert Ayers',	'1',	'1',	' 81&ndash;94',	13,	'1997',	'10.1162/jiec.1997.1.1.81',	'<p>Chlorine is an important industrial chemical. Not only is it a component of many important products, it is also needed for many chemical manufacturing processes, even where it does not appear in the final product. But a number of chlorine chemicals, especially organochlorines, are toxic, carcinogenic, tentogenic or otherwise potentially disturbing to the environment. For this reason, some environmentalists&mdash;notably Greenpeace&#x2010;have advocated a ban, not just on some products but on all uses of elemental chlorine. The chemical industry is taking this threat seriously and mounting a vigorous defense. But the debate so far is not illuminating the issues effectively, because both sides are selectively using questionable and unverifiable data.</p><p>The scientific uncertainties are not really the problem. Rather, data in the public domain and accessible to environmentalists and even regulatory authorities are of very poor qualrty. Because of industry secrecy much crucial inforrnation is unavailable and some of what is available is misleading or wrong. The dual purposes of this article, and the ones that follow, are (I) to elucidate the information requirements for an adequate life&#x2010;cycle analysis of chlorine and its uses and (2) to indicate how and where the use of massbalance methodology can help identify errors and fill in gaps.</p><p>The present article deals with electrolytic chlorine produdion and mercury flows arising from chlorine production. Subsequent articles deal with conversion processes and losses and further chemical industry uses of chlorine, major end uses of chlorine and chlorine chemicals, and persistent organochlorine pollutants.</p>                                   ',	'pending',	'http://doi.wiley.com/10.1162/jiec.1997.1.1.81',	'<li>chlorine;</li><li>industrial metabolism;</li><li>mass balance;</li><li>materials accounting;</li><li>mercury;</li><li>substance flow analysis</li>',	1,	'active'),
(29,	'Data Acquisition for Applying Physical Input-Output Tables in Chinese Cities',	' Sai Liang and Tianzhu Zhang',	'15',	'6',	' 825&ndash;835',	10,	'2011',	'10.1111/j.1530-9290.2011.00372.x',	'<p>The physical input&#x2010;output table (PIOT) is a useful tool for analyzing the environmental sustainability of cities. Taking Chinese statistical sources as an example in this study, we discuss data acquisition methods for applying the PIOT to cities. We propose several methods and present a case study of Suzhou City to illustrate the proposed methods. These methods can provide foundations for constructing the PIOT of cities in other countries.</p>                                   ',	'pending',	'http://doi.wiley.com/10.1111/j.1530-9290.2011.00372.x',	'<li>China;</li><li>data mining;</li><li>input&#x2010;output model;</li><li>material flow analysis (MFA);</li><li>urban metabolism;</li><li>industrial ecology</li>',	1,	'active'),
(30,	'Collaborative Problem Solving Using an Industrial Ecology Approach',	' Susan E. Boehme',	'13',	'5',	' 811&ndash;829',	18,	'2009',	'10.1111/j.1530-9290.2009.00166_2.x',	'<p>Over the course of ten years, a consortium of stakeholders (the Harbor Consortium) used a collaborative approach to identify viable pollution prevention (P2) strategies for specific contaminants, namely mercury, cadmium, polychlorinated biphenyls (PCBs), dioxins, and polycyclic aromatic hydrocarbons (PAHs) as well as suspended solids entering the New York/New Jersey Harbor. The project, titled &ldquo;The New York/New Jersey Harbor Watershed Pollution Prevention and Industrial Ecology Project,&rdquo; in a very conscious and overt way engaged stakeholders in the process of developing P2 recommendations for the Harbor. The industrial ecology (IE) tools applied by the Harbor Consortium include substance flow analysis (SFA), material flow analysis (MFA), and, to a limited extent, life cycle analysis (LCA) and fate and transport analysis (F&amp;T), to quantify and characterize how the contaminants flow through the regional economy and the Harbor Watershed once released to the environment. The application of these scientific tools to five contaminants at such a large geographical scale, within the context of a broad and inclusive stakeholder process, and with the goal of identifying and implementing pollution prevention strategies, led to a wide range of surprising outcomes and lessons learned. Undertaking this IE research with the key institutions and stakeholders at the table resulted in the identification and the implementation of many P2 opportunities.</p>                                   ',	'pending',	'http://doi.wiley.com/10.1111/j.1530-9290.2009.00166_2.x',	'<li>cooperative approaches;</li><li>economy&#x2010;wide material flow;</li><li>analysis (EW&#x2010;MFA);</li><li>emission reduction;</li><li>industrial ecology;</li><li>mass balance;</li><li>pollution prevention (P2)</li>',	1,	'active'),
(31,	'Pathways and Management of Phosphorus in Urban Areas',	' Yuliya Kalmykova',	'16',	'6',	' 928&ndash;939',	11,	'2012',	'10.1111/j.1530-9290.2012.00541.x',	'<p>Due to the finite nature of mineral phosphorus reserves, effective management of anthropogenic phosphorus flows is currently under investigation by the international research community. This article emphasizes the importance of urban phosphorus flows, which are often marginalized due to the greater magnitude of agricultural phosphorus flows. A study on phosphorus flows in Gothenburg, Sweden, points out the potential role of solid waste in nutrient management, as the amounts of phosphorus in solid waste and in wastewater were found to be equal. Importation of food commodities accounts for 50% of the total inflow of phosphorus, and food waste is a major contributor of phosphorus to solid waste. The results suggest that solid waste incineration residues represent a large underestimated sink of phosphorus. Focusing on wastewater as the sole source of recovered phosphorus is not sufficient. The Swedish national goal on phosphorus recycling, which is limited to sewage sludge, targets only a part of the total phosphorus flow that can potentially be recovered. In contrast to previous studies, agricultural flows in Gothenburg were marginal compared to flows related to the urban waste management infrastructure. We emphasize the need for debate on preferable routes for disposal of waste with a high phosphorus content. Both recovery potential and usefulness of the recovered product for agricultural purposes have to be considered. Impacts of five waste management strategies on phosphorus flows were evaluated: incineration of all the waste, comprehensive food waste separation, installation of kitchen grinders, urine diversion, and separation of blackwater and food waste.</p>                                   ',	'pending',	'http://doi.wiley.com/10.1111/j.1530-9290.2012.00541.x',	'<li>food;</li><li>incineration;</li><li>industrial ecology;</li><li>material flow analysis (MFA);</li><li>solid waste;</li><li>wastewater</li>',	1,	'active'),
(32,	'The Biophysical Performance of Argentina (1970&ndash;2009)',	' Pedro Luis Perez Manrique',	'17',	'4',	' 590&ndash;604',	14,	'2013',	'10.1111/jiec.12027',	'<p>The biophysical features of the Argentinean economy are examined using a social metabolism approach. A material flow analysis (MFA) for this economy was conducted for the period 1970&ndash;2009. Results show that Argentina follows a resource&#x2010;intensive and export&#x2010;oriented development model with a persistent physical trade deficit. Also, Argentina\'s terms of trade (the average weight in tonnes of imports that can be purchased through the sale of 1 tonne of exports) show a declining trend in the period of study.</p><p>Argentina\'s economy shows a pattern typical of countries whose economies are based primarily on exports. Comparisons between Argentina\'s metabolic profile and the metabolic profile of other countries in Latin America and of Australia and Spain show that the Argentinean economy presents the same pattern as other Latin American exporting economies, and its terms of trade are opposite to those of industrialized economies.</p>                                   ',	'pending',	'http://doi.wiley.com/10.1111/jiec.12027',	'<li>Argentina;</li><li>ecologically unequal exchange;</li><li>extractive economies;</li><li>industrial ecology;</li><li>material flow analysis (MFA);</li><li>social metabolism</li>',	1,	'active'),
(33,	'Building Material Flow Accounts in the United States',	' Frederick W. Allen',	'12',	'5',	' 785&ndash;791',	6,	'2008',	'10.1111/j.1530-9290.2008.00073.x',	'<p>Building a national system of material flow accounts in the United States could be an important step toward natural resource sustainability. But the task will not be as simple as &ldquo;If you build it, they will come.&rdquo; The key to understanding the status of and prospects for official material flow accounts in the United States is to see the picture from the point of view of public sector and environmental innovation generally, rather than from the point of view of building the details of the accounts themselves. A simple model of public sector innovation helps explain what is happening and what needs to happen to make further progress. The model used here has four principal elements: methods, organizational capacity, demand, and actual use. The details and sequence of these elements vary in different situations, but all four must be present for successful innovations. Although aspects of culture, innovation, and government bureaucracy differ from country to country, the basic model appears to be similar across borders, at least in countries belonging to the Organisation for Economic Cooperation and Development (OECD). Seen this way, recent events in the United States indicate that (1) there is significant potential for such accounts; (2) the United States is moving toward creating them, although not in a systematic manner, which means that the progression and eventual outcome are uncertain; and (3) there are ways for the research community to participate very positively in the public process.</p>                                   ',	'pending',	'http://doi.wiley.com/10.1111/j.1530-9290.2008.00073.x',	'<li>environmental information;</li><li>government decision making;</li><li>government statistics;</li><li>industrial ecology;</li><li>material flow analysis (MFA);</li><li>natural resource sustainability</li>',	1,	'active'),
(34,	'Combined MFA-LCA for Analysis of Wastewater Pipeline Networks',	' G. Venkatesh',	'13',	'4',	' 532&ndash;550',	18,	'2009',	'10.1111/j.1530-9290.2009.00143.x',	'<p>Oslo\'s wastewater pipeline network has an aging stock of concrete, steel, and polyvinyl chloride (PVC) pipelines, which calls for a good portion of expenditures to be directed toward maintenance and investments in rehabilitation. The stock, as it is in 2008, is a direct consequence of the influx of pipelines of different sizes, lengths, and materials of construction into the system over the years. A material flow analysis (MFA) facilitates an analysis of the environmental impacts associated with the manufacture, installation, operation, maintenance, rehabilitation, and retirement of the pipelines. The forecast of the future flows of materials&mdash;which, again, is highly interlinked with the historic flows&mdash;provides insight into the likely future environmental impacts. This will enable decision makers keen on alleviating such impacts to think along the lines of eco&#x2010;friendlier processes and technologies or simply different ways of doing business. Needless to say, the operation and maintenance phase accounts for the major bulk of emissions and calls for energy&#x2010;efficient approaches to this phase of the life cycle, even as manufacturers strive to make their processes energy&#x2010;efficient and attempt to include captive renewable energy in their total energy consumption. This article focuses on the life cycle greenhouse gas emissions associated with the wastewater pipeline network in the city of Oslo.</p>                                   ',	'pending',	'http://doi.wiley.com/10.1111/j.1530-9290.2009.00143.x',	'<li>concrete;</li><li>greenhouse gas (GHG) emissions;</li><li>industrial ecology;</li><li>life cycle assessment (LCA);</li><li>material flow analysis (MFA);</li><li>polyvinyl chloride (PVC)</li>',	1,	'active'),
(35,	'Resource Use in Small Island States',	' Fridolin Krausmann',	'18',	'2',	' 294&ndash;305',	11,	'2014',	'10.1111/jiec.12100',	'<p>Iceland and Trinidad and Tobago are small open, high&#x2010;income island economies with very specific resource&#x2010;use patterns. This article presents a material flow analysis (MFA) for the two countries covering a time period of nearly five decades. Both countries have a narrow domestic resource base, their economy being largely based on the exploitation of one or two key resources for export production. In the case of Trinidad and Tobago, the physical economy is dominated by oil and natural gas extraction and petrochemical industries, whereas Iceland\'s economy for centuries has been based on fisheries. More recently, abundant hydropower and geothermal heat were the basis for the establishment of large export&#x2010;oriented metal processing industries, which fully depend on imported raw materials and make use of domestic renewable electricity. Both countries are highly dependent on these natural resources and vulnerable to overexploitation and price developments. We show how the export&#x2010;oriented industries lead to high and growing levels of per capita material and energy use and carbon dioxide emissions resulting from large amounts of processing wastes and energy consumption in production processes. The example of small open economies with an industrial production system focused on few, but abundant, key resources and of comparatively low complexity provides interesting insights of how resource endowment paired with availability or absence of infrastructure and specific institutional arrangements drives domestic resource&#x2010;use patterns. This also contributes to a better understanding and interpretation of MFA indicators, such as domestic material consumption.</p>                                   ',	'pending',	'http://doi.wiley.com/10.1111/jiec.12100',	'<li>industrial ecology;</li><li>material flow analysis (MFA);</li><li>production and consumption;</li><li>resource management;</li><li>societal metabolism;</li><li>trade and environment</li>',	1,	'active'),
(36,	'The Life Cycle of Chlorine, Part III',	' Robert U. Ayres',	'2',	'1',	' 93&ndash;115',	22,	'1998',	'10.1162/jiec.1998.2.1.93',	'<p>In the two previous articles in this series we reviewed the major processes of chlorine production (Part I) and its intermediate uses and waste products in the production of other chemicals (Part 11). In this article I consider some of the final applications of chlorine (e.g., for water treatment and pulp bleaching) and the uses of the most important chlorinated compounds such as solvents, chlorofluorocarbons, and the plastic polyvinyl chloride in the industrial economy. I summarize known evidence regarding their environmental fates. The special case of persistent long&#x2010;lived toxic compounds (e.g., pesticides) will be discussed in a subsequent article.</p>                                   ',	'pending',	'http://doi.wiley.com/10.1162/jiec.1998.2.1.93',	'<li>CFCs;</li><li>chemical manufacturing;</li><li>chlorine;</li><li>industrial metabolism;</li><li>materials accounting;</li><li>substance flow analysis</li>',	1,	'active'),
(37,	'Long-term Coordination of Timber Production and Consumption Using a Dynamic Material and Energy Flow Analysis',	' Daniel B. M&uuml;ller',	'8',	'3',	' 65&ndash;88',	23,	'2004',	'10.1162/1088198042442342',	'<p>A dynamic model for wood and energy flows is used to analyze regional timber management. The model combines a sitequality&#x2010;dependent forest&#x2010;growth module with modules for the timber industry, timber products use, waste management, and energy supply. The model is calibrated with data of a Swiss lowland region for the period of 1900&ndash;1997. Scenarios are developed for the period until 2100 in order to discuss possible future roles of domestic timber.</p><p>Model simulations show that, with present strategies, timber overproduction will further increase in the twenty&#x2010;first century because of an increase in forest site quality in the second half of the twentieth century, among other reasons. The increase in building gross floor area of the region by a factor of 5 during the twentieth century coincides with a reduction of timber use in building construction by a factor of 4.5, from 90 kg/m2 to 20 kg/m2. Increasing timber density in buildings could address overproduction; however, a strategy of timber construction could not be accomplished with domestic timber alone. A balance of production and consumption on the present level could also be achieved in a scenario in which the present building stock is gradually exchanged during the twenty&#x2010;first century with buildings that exclusively use a combination of solar panels on roofs and domestic firewood and used wood as heat&#x2010;energy sources. These replacement buildings would have density typical of late twentieth&#x2010;century buildings, and they would need to perform on a low&#x2010;energy standard of not more than 130 MJ/m2/yr.</p>                                   ',	'pending',	'http://doi.wiley.com/10.1162/1088198042442342',	'<li>dynamic modeling;</li><li>forest products industry;</li><li>integrated chain management;</li><li>materials flow analysis (MFA);</li><li>resource efficiency;</li><li>vintage effects</li>',	1,	'active'),
(38,	'The &ldquo;Hidden&rdquo; Trade of Metals in the United States',	' Jeremiah Johnson and T. E. Graedel',	'12',	'5',	' 739&ndash;753',	14,	'2008',	'10.1111/j.1530-9290.2008.00092.x',	'<p>The transport of ore and refined metals into and from countries has long been quantified, both because of its financial implications and because of the relative ease of tracking those flows. This information says little, however, about the net trade of metal in all its forms, particularly &ldquo;semiproducts,&rdquo; such as sheet and wire, and metal in traded products (MTP). A comprehensive analysis for the United States for copper, lead, zinc, chromium, and silver, in which all trade flows are included, demonstrates that MTP flows can often be a large factor in determining a country\'s import/export dependence, accounting for between 13% (zinc) and 57% (silver) of traded metal in all forms. A methodology was created to calculate the end user net import reliance, which is the net import of metal contained in ore, concentrate, refined forms, and semi&#x2010;manufactured and finished products, plus any releases of metal from government or producer stocks, as a function of the flow of metal into end use by consumers. For all five metals, this calculation showed a higher reliance on imports than calculations that solely examine ore, concentrate, and refined metals. This suggests that the metal contained in semi&#x2010;manufactured and finished products increases U.S. material import vulnerability. However, the in&#x2010;use stocks of these metals contained in products may serve as a potential resource, serving to mitigate this vulnerability. Graphical representations of metal trade in all forms by geographical origin and destination are provided to characterize the nature of the trade and provide information that would be useful in characterizing U.S. import vulnerability.</p>                                   ',	'pending',	'http://doi.wiley.com/10.1111/j.1530-9290.2008.00092.x',	'<li>industrial ecology;</li><li>material flow analysis (MFA);</li><li>metal trade in products (MTP);</li><li>recycling;</li><li>resource use;</li><li>semi&#x2010;manufactured and finished;</li><li>products</li>',	1,	'active'),
(39,	'A Product-Level Approach to Historical Material Flow Analysis',	' Ermelinda M. Harper',	'12',	'5',	' 768&ndash;784',	16,	'2008',	'10.1111/j.1530-9290.2008.00070.x',	'<p>Studies of material cycles, which have a solid history in biogeochemistry, include characterization of technological materials cycles that quantify the way in which materials move through the economy and environment of a region. One of the most important aspects of historical technological materials cycles is determining how much material goes into various uses over time and modeling its lifetime in each use. A material flow analysis methodology is presented by which a historical (i.e., 1975 to 2000) study of tungsten use in the United States was constructed. The approach utilized in this study is twofold: the traditional approach by which material going into end&#x2010;use sectors is approximated (the &ldquo;end&#x2010;use sector model&rdquo;), and a second approach by which end&#x2010;use products are specifically addressed (the &ldquo;finished product model&rdquo;). By virtue of the latter method, a detailed historical account of a material\'s end uses was developed. This study shows that (1) both models present a detailed treatment of trade of finished products over time for a variety of highly disaggregated products, (2) the end&#x2010;use sector model provides a method to combine quantitative and qualitative data about products in various sectors to estimate domestic production for a metal about which little is known in terms of its end uses, and (3) the finished product model produces detailed estimates of domestic production for a large number of highly disaggregated products.</p>                                   ',	'pending',	'http://doi.wiley.com/10.1111/j.1530-9290.2008.00070.x',	'<li>end uses;</li><li>industrial ecology;</li><li>material cycles;</li><li>metals;</li><li>resource management;</li><li>substance flow analysis (SFA)</li>',	1,	'active'),
(40,	'Assessment of Environmental Impacts of an Aging and Stagnating Water Supply Pipeline Network',	' G. Venkatesh and Helge Bratteb&oslash;',	'16',	'5',	' 722&ndash;734',	12,	'2012',	'10.1111/j.1530-9290.2011.00426.x',	'<p>Aging urban infrastructure is a common phenomenon in industrialized countries. The urban water supply pipeline network in the city of Oslo is an example. Even as it faces increasing operational, maintenance, and management challenges, it needs to better its environmental performance by reducing, for instance, the associated greenhouse gas emissions. In this article the authors examine the environmental life cycle performance of Oslo\'s water supply pipelines by analyzing annual resource consumption and emissions as well as life cycle assessment (LCA) impact potentials over a period of 16 years, taking into account the production/manufacture, installation, operation, maintenance, rehabilitation, and retirement of pipelines. It is seen that the water supply pipeline network of Oslo has already reached a state of saturation on a per capita basis, that is, it is not expanding any more relative to the population it serves, and the stock is now rapidly aging. This article is part of a total urban water cycle system analysis for Oslo, and analyzes more specifically the environmental impacts from the material flows in the water distribution network, examining six environmental impact categories using the SimaPro (version 7.1.8) software, Ecoinvent database, and the CML 2001 (version 2.04) methodology. The long&#x2010;term management of stocks calls for a strong focus on cost optimization, energy efficiency, and environmental friendliness. Global warming and abiotic depletion emerge as the major impact categories from the water pipeline system, and the largest contribution is from the production and installation phases and the medium&#x2010;size pipelines in the network.</p>                                   ',	'pending',	'http://doi.wiley.com/10.1111/j.1530-9290.2011.00426.x',	'<li>industrial ecology;</li><li>infrastructure;</li><li>life cycle assessment (LCA);</li><li>material flow analysis (MFA);</li><li>urban water supply;</li><li>water pipeline networks</li>',	1,	'active'),
(42,	'Material Flows in Latin America',	' Daniela Russi',	'12',	'5',	' 704&ndash;720',	16,	'2008',	'10.1111/j.1530-9290.2008.00074.x',	'<p>In this article we compare the resource flows of Chile, Ecuador, Mexico, and Peru between 1980 and 2000. Our objective is to analyze the structure of social metabolism of extractive countries and the consequences of the neoliberal economic structural reforms on the use of natural resources. In two decades, the domestic extraction of materials increased considerably in the four countries, mainly due to the mining sector in Chile and Peru, biomass and oil in Ecuador, and construction minerals in Mexico. Imports and exports also increased, because of the increasingly deeper integration in international markets, prompted by liberalization policies implemented in the four countries between the late 1970s and the late 1990s. All four countries had a negative physical trade balance for most of the period analyzed, with exports exceeding imports in terms of weight. However, parallel growth of imports reduced the physical deficit in Chile, Mexico, and Peru. Ecuador\'s physical deficit was the highest and did not decrease during the last two decades. A diversification of exports away from bulk commodities could be observed in Chile and Mexico and to a lesser extent in Peru, whereas in Ecuador the export sector remained mainly based on oil and biomass. More research is needed to explore the environmental and social impacts of the neoliberal economic reforms. Also, the indirect flows associated with direct physical imports and exports deserve to be subjected to further analysis.</p>                                   ',	'pending',	'http://doi.wiley.com/10.1111/j.1530-9290.2008.00074.x',	'<li>extractive economies;</li><li>industrial ecology;</li><li>liberalization;</li><li>Latin America;</li><li>material flow analysis (MFA);</li><li>physical trade balance</li>',	1,	'active'),
(43,	'Platinum Group Metal Flows of Europe, Part 1',	' Mathieu Saurat and Stefan Bringezu',	'12',	'5',	' 754&ndash;767',	13,	'2008',	'10.1111/j.1530-9290.2008.00087.x',	'<p>In this article, we analyze flows of the platinum group metals (PGMs) platinum, palladium, and rhodium and the environmental impacts associated with their supply in Europe. A model of the use of PGMs in Europe has been developed, and this is combined with a model of environmental pressures related to PGM production.</p><p>Seven industrial sectors and product groups form the main users of PGMs in Europe, comprising the chemical, petroleum, and glass industries; jewelry, dentistry, electronic equipment, and car catalysts. Most relevant environmental impacts of secondary production in Europe and primary PGM production in South Africa, Russia, and Canada are taken into account, including emissions of sulphur dioxide and carbon dioxide and total material requirement.</p><p>The article quantifies the PGM flows to, from, and within Europe in 2004. The automotive industry is the single largest user of primary PGMs, and catalytic converters represent the major PGM end use. The chemical and glass industries also require large amounts of PGM but rely mostly on secondary metals. The environmental impacts of primary production exceed those of secondary production by far. An analysis of the use of car catalytic converters shows that as a result of efforts to reduce air pollutant emissions in Europe, other negative environmental impacts, such as point&#x2010;source pollution and mining waste, are occurring elsewhere&mdash;for example, at extraction and refining sites in Siberia and South Africa.</p>                                   ',	'pending',	'http://doi.wiley.com/10.1111/j.1530-9290.2008.00087.x',	'<li>cleaner production;</li><li>industrial ecology;</li><li>material flow analysis (MFA);</li><li>palladium;</li><li>platinum;</li><li>rhodium</li>',	1,	'active'),
(44,	'The Global Sociometabolic Transition',	' Fridolin Krausmann',	'12',	'5',	' 637&ndash;656',	19,	'2008',	'10.1111/j.1530-9290.2008.00065.x',	'<p>We present the concept of sociometabolic regimes and use it to analyze patterns of change in global social metabolism. Sociometabolic regimes represent dynamic equilibria of society&ndash;nature interactions and are characterized by typical patterns of material and energy flows (metabolic profiles). From this perspective, industrialization appears as a process of transition from the agrarian to the industrial regime. This article presents a global data set on the socioeconomic metabolism of 175 nations for the year 2000. We group the countries into six clusters differentiated by economic development and population density, reflecting the historical path of (agrarian) development and resource endowment.</p><p>Our analysis reveals that per capita material and energy use in industrialized clusters is higher than in developing regions by a factor of 5 to 10. However, per capita use of natural resources differs significantly among industrialized clusters. A large fraction of the global population displays a metabolic profile somewhere in between the patterns typical for the agrarian and the industrial regimes. The sociometabolic transition from an agrarian to an industrial regime is thus an ongoing process with important consequences for future global material and energy demand. If we take a transition between regimes and the current characteristics of this transition as given, the global energy and materials demand is likely to grow by a factor of 2 to 3 during the coming decades. The most critical part of our findings relates to the cluster of high&#x2010;density developing countries, as these countries already have a higher anthropogenic material and energy burden per unit of land area than, for example, industrial Europe, with pending further increases bound to surpass carrying capacities.</p>                                   ',	'pending',	'http://doi.wiley.com/10.1111/j.1530-9290.2008.00065.x',	'<li>industrial ecology;</li><li>industrialization;</li><li>material flow analysis (MFA);</li><li>resource use;</li><li>social metabolism;</li><li>sustainability</li>',	1,	'active'),
(45,	'Society\'s Metabolism - The Intellectual History of Materials Flow Analysis, Part I, 1860-1970',	' Marina Fischer-Kowalski',	'2',	'1',	' 61&ndash;78',	17,	'1998',	'10.1162/jiec.1998.2.1.61',	'<p>In this article, we inquire into the intellectual history ofthe application of the biological concept of metabolism to social systems&#x2010;not as a metaphor; but as a material and energetic process within the economy and society vis&#x2010;A&#x2010;vis various natural systems. The paper reviews several scientific traditions that may contribute to such a view, including biology and ecology, social theory, cultural anthropology, and social geography It assembles widely scattered approaches dating from the 1860s onward and shows how they prepare the ground for the pioneers of &ldquo;industrial metabolism&rdquo; in the late 1960s. In connection to varying political perspedives, metabolism gradually takes shape as a powerful interdisciplinary concept It will take another 25 years before this approach becomes one of the most important paradigms for the empirical analysis of the society&#x2010;nature&#x2010;interaction across various disciplines. This later period will be the subject of part II of this literature review</p>                                   ',	'pending',	'http://doi.wiley.com/10.1162/jiec.1998.2.1.61',	'<li>industrial metabolism;</li><li>intellectual history;</li><li>material flow analysis;</li><li>physical economy;</li><li>social ecology;</li><li>social theory</li>',	1,	'active'),
(46,	'Material Flows and Energy Analysis of Glass Containers Discarded in New Jersey, USA',	' Ching-Ling Tsai and Uta Krogmann',	'17',	'1',	' 129&ndash;142',	13,	'2013',	'10.1111/j.1530-9290.2012.00509.x',	'<p>The use of glass cullet (crushed recycled glass containers) as aggregate in construction projects and landfills has increased rapidly even though the use of cullet as feedstock in new glass container and fiberglass production is energetically more sound. The effect of increased use of cullet as aggregate has not yet been thoroughly assessed. The objectives of this study were to model and quantify glass container flows across New Jersey and the associated life cycle energy consumption, and then compare life cycle energy consumption for two different recycling scenarios and three different end&#x2010;use/disposal scenarios. The results of a material flow analysis showed that in 2008 only about 11% of the glass containers consumed in New Jersey were used as glass container or fiberglass feedstock, while five times more were used as construction aggregate. However, a lower system energy requirement can be achieved by increased use of cullet as container feedstock compared to construction aggregate, even when the cullet is transported 1,600 miles to a glass container manufacturer. Based on the uncertainty analysis, there is about an 80% probability for the scenario with increased use as container feedstock to have a lower system energy requirement when compared with all other scenarios. To achieve increased use of cullet as glass container feedstock in New Jersey, the quality of the cullet must be improved.</p>                                   ',	'pending',	'http://doi.wiley.com/10.1111/j.1530-9290.2012.00509.x',	'<li>construction aggregate;</li><li>glass containers;</li><li>industrial ecology;</li><li>material flow analysis (MFA);</li><li>recycling;</li><li>recycling collection</li>',	1,	'active'),
(47,	'Implementing Trans-Boundary Infrastructure-Based Greenhouse Gas Accounting for Delhi, India',	' Abel Chavez',	'16',	'6',	' 814&ndash;828',	14,	'2012',	'10.1111/j.1530-9290.2012.00546.x',	'<p>Community&#x2010;wide greenhouse gas (GHG) emissions accounting is confounded by the relatively small spatial size of cities compared to nations&mdash;due to which, energy use in essential infrastructures serving cities, such as commuter and airline transport, energy supply, water supply, wastewater infrastructures, and others, often occurs outside the boundaries of the cities using them. The trans&#x2010;boundary infrastructure supply chain footprint (TBIF) GHG emissions accounting method, tested in eight U.S. cities, incorporates supply chain aspects of these trans&#x2010;boundary infrastructures serving cities, and is akin to an expanded geographic GHG emissions inventory. This article shows the results from applying the TBIF method in the rapidly developing city of Delhi, India.</p><p>The objectives of this research are to (1) describe the data availability for implementing the TBIF method within a rapidly industrializing country, using the case of Delhi, India; (2) identify methodological differences in implementation of the TBIF method between Indian versus U.S. cities; and (3) compare broad energy use metrics between Delhi and U.S. cities, demonstrated by Denver, Colorado, USA, whose energy use characteristics and TBIF GHG emissions have previously been shown to be similar to U.S. per capita averages.</p><p>This article concludes that most data required to implement the TBIF method in Delhi are readily available, and the methodology could be translated from U.S. to Indian cities. Delhi\'s 2009 community&#x2010;wide GHG emissions totaled 40.3 million metric tonnes of carbon dioxide equivalents (t CO2&#x2010;eq), which are normalized to yield 2.3 t CO2&#x2010;eq per capita; nationally, India reports its average per capita GHG emissions at 1.5 t CO2&#x2010;eq. In&#x2010;boundary GHG emissions contributed to 68% of Delhi\'s total, where end use (including electricity) energy in residential buildings, commercial and industrial usage, and fuel used in surface transportation contributed 24%, 19%, and 21%, respectively. The remaining 4% of the in&#x2010;boundary GHG emissions were from waste disposal, water and wastewater treatment, and cattle. Trans&#x2010;boundary infrastructures were estimated to equal 32% of Delhi\'s TBIF GHG emissions, with 5% attributed to fuel processing, 3% to air travel, 10% to cement, and 14% to food production outside the city.</p>                                   ',	'pending',	'http://doi.wiley.com/10.1111/j.1530-9290.2012.00546.x',	'<li>carbon footprint;</li><li>city&#x2010;scale greenhouse gas (GHG) emissions;</li><li>emissions accounting;</li><li>industrial ecology;</li><li>material flow analysis (MFA);</li><li>trans&#x2010;boundary greenhouse gases (GHGs)</li>',	1,	'active'),
(48,	'Modeling Basic Industries in the Australian Stocks and Flows Framework',	' James A. Lennox',	'8',	'4',	' 101&ndash;120',	19,	'2004',	'10.1162/1088198043630513',	'The Australian stocks and flows framework (ASFF) is a tool for establishing a coherent historical picture of the Australian physical economy and for testing long-term future scenarios (up to 2050 or even 2100). These scenarios can be used to investigate the long-term physical consequences of current and future choices affecting the physical dimensions of sustainability. In this article we describe the methodology for and construction of a key component of ASFF: a dynamic physical input-output model of material flows in the basic industries.<br />\r\n<br />\r\nThe materials model in ASFF describes physical flows and their transformation by industrial processes. The model\'s structure permits scenario analysis of long-term technological change by permitting time-varying input-output coefficients and vintage models of capital stocks. As a consequence, the model contains a large number of parameters, which can be left at default settings or adjusted as the modeler sees fit, in order to simulate the widest possible range of physically realizable scenarios. The materials model is built using a methodology that integrates bottom-up process analysis with top-down statistics on material and energy flows. We present some examples showing how the materials model has been implemented to model Australian heavy industries. Several possibilities for further developing the materials model are also described.',	'pending',	'http://doi.wiley.com/10.1162/1088198043630513',	'<li>basic industries;</li><li>industrial metabolism;</li><li>mass balance;</li><li>material flow analysis (MFA);</li><li>physical input&#x2010;output model (PIOT);</li><li>vintage model</li>',	1,	'active'),
(49,	'Evaluation of the Tire Industry of China based on Physical Input&ndash;Output Analysis',	' Ning YANG',	'14',	'3',	' 457&ndash;466',	9,	'2010',	'10.1111/j.1530-9290.2010.00223.x',	'<p>With the rapid development of the rubber industry and its downstream sectors in China, the resulting sharp increase in the number of scrap tires is creating great environmental pressure. By considering the tire production, consumption, collection, and reuse processes as a whole system of tire material flows, and based on physical input&ndash;output analysis (IOA), this article analyzes the status quo of China\'s tire industry and performs a comparative study between China and Europe. The study shows that the tire industry of China in 2005 and that of Europe in 1996 are similar in material&#x2010;flow characteristics. To make the best use of materials, it is necessary to strengthen the reuse of scrap tires in China. A scenario analysis is presented to show the effects of improving the reuse process from the viewpoint of IOA.</p>                                   ',	'pending',	'http://doi.wiley.com/10.1111/j.1530-9290.2010.00223.x',	'<li>industrial ecology;</li><li>material flow analysis (MFA);</li><li>reuse;</li><li>scrap tires;</li><li>sustainable development;</li><li>waste rubber</li>',	1,	'active'),
(50,	'The Energetic Metabolism of Societies Part I: Accounting Concepts',	' Helmut Haberl',	'5',	'1',	' 11&ndash;33',	22,	'2001',	'10.1162/108819801753358481',	'<p>Based upon the currently emerging international consensus on how to account for the materials flows of industrialized countries, this article proposes methods to account for the energetic metabolism of societies. It argues that, to fully exploit the potential of the metabolism approach in the context of sustainable development, both energetic and material aspects of societal metabolism have to be taken into account. The article proposes concepts to empirically describe energy input, internal energy transformations, and energy utilization of societies by extending commonly used notions of energy statistics in a way that is compatible with current methods of materials flow analysis. Whereas energy statistics include only the energy used in technical devices for providing heat, light, mechanical work, and data processing, an accounting system for the energetic metabolism of societies should also consider flows of nutritional energy for both livestock and humans. Moreover, in assessing the energy input of a society, all inputs of energy&#x2010;rich materials (and immaterial forms of energy such as electricity and light) that cross the boundary into the biophysical structures of society should be taken into consideration, regardless of the purpose for which they are eventually used. As a consequence, an energetic metabolism accounting system treats all biomass as energy input, instead of considering only the biomass used for technical energy generation, as energy statistics do. Part II in this set of articles will apply these concepts to different modes of societal organization and explore the significance of energetic metabolism for sustainable development. In particular, it will explore the significance for policies that aim at increasing the contribution of renewable energy, especially biomass.</p>                                   ',	'pending',	'http://doi.wiley.com/10.1162/108819801753358481',	'<li>biomass;</li><li>energy accounting;</li><li>energy analysis;</li><li>energy statistics;</li><li>materials flow analysis;</li><li>nutrition</li>',	1,	'active'),
(51,	'Material Flows in a Social Context: A Vietnamese Case Study Combining the Materials Flow Analysis and Action-in-Context Frameworks',	' Marieke HOBBES',	'11',	'1',	' 141&ndash;159',	18,	'2007',	'10.1162/jiec.2007.1049',	'<p>Materials flow analysis (MFA) is one of the central achievements of industrial ecology. One direction in which one can move MFA beyond mere accounting is by putting the material flows in their social context. This &ldquo;socially extended MFA&rdquo; may be carried out at various levels of aggregation. In this article, specific material flows will be linked to concrete actors and mechanisms that cause these flows&mdash;using the action&#x2010;in&#x2010;context (AiC) framework, which contains, inter alia, both proximate and indirect actors and factors. The case study site is of Tat hamlet in Vietnam, set in a landscape of paddy fields on valley floors surrounded by steep, previously forested slopes. Out of the aggregate MFA of Tat, the study focuses on material flows associated with basic needs and sustainability. The most important actors causing these material flows are farming households, politicians, traders, and agribusiness firms&mdash;of which local politicians turned out to be pivotal. The study shows the value of combining MFA with actor&#x2010;based social analysis. MFA achieves the balanced quantification of the physical system, thus helping to pinpoint key processes. Actor&#x2010;based analysis adds the causal understanding of what drives these key processes, leading to improved scenarios of the future and the effective identification of target groups and instruments for policy making.</p>                                   ',	'pending',	'http://doi.wiley.com/10.1162/jiec.2007.1049',	'<li>action&#x2010;in&#x2010;context;</li><li>actor&#x2010;based analysis;</li><li>industrial ecology;</li><li>materials flow analysis (MFA);</li><li>swidden agriculture;</li><li>Vietnam</li>',	1,	'active'),
(52,	'Investigating Reasons for Differences in the Results of Environmental, Physical, and Hybrid Input-Output Models',	' Sai Liang and Tianzhu Zhang',	'17',	'3',	' 432&ndash;439',	7,	'2013',	'10.1111/jiec.12010',	'<p>It is vital to find reasons for differences in the results of environmental input&#x2010;output (EIO), physical input&#x2010;output (PIO), and hybrid input&#x2010;output (HIO) models for industrial and environmental policy analysis. Using EIO, PIO, and HIO models, China\'s industrial metabolism is calculated. Four reasons were found to account for differences in the results of analysis using EIO, PIO, and HIO models: the manner in which they deal with residential consumption, service sectors, and waste recycling, and the assumption of unique sector prices. The HIO model, which treats residential consumption as sectors of the intermediate delivery matrix, is preferred to the EIO and PIO models for analyzing industrial and environmental policies. Moreover, waste recycling in five sectors&mdash;agriculture; the manufacture of paper, printing, and articles for culture, education, and sports activities; the manufacture of nonmetallic mineral products; smelting and pressing of metals; and construction&mdash;should be comprehensively considered when using the HIO model to study problems related to these five sectors. Improvements in the EIO, PIO, and HIO models and future work are also discussed.</p>                                   ',	'pending',	'http://doi.wiley.com/10.1111/jiec.12010',	'<li>China;</li><li>industrial ecology;</li><li>industrial metabolism;</li><li>input&#x2010;output analysis;</li><li>material flow analysis (MFA);</li><li>socioeconomic metabolism</li>',	1,	'active'),
(53,	'Decomposition Analysis of Finnish Material Flows: 1960&ndash;1996',	' Jukka Hoffr&eacute;n',	'4',	'4',	' 105&ndash;125',	20,	'2000',	'10.1162/10881980052541972',	'<p>To the extent that environmental impacts are the consequence of the magnitude of total material input into production in an economy, they can be lessened by reducing the use of materials&mdash;by concentrating on what has been called qualitative growth. This article presents a summary of Finnish resource use over the period 1960&ndash;1996 as a means of evaluating the trends in material use and providing a basis for assessments of sustainability. It adapts the technique of decomposition analysis developed in the field of energy studies to distinguish the effects of changes in aggregate economic activity (&ldquo;activity effect&rdquo;), composition of industrial activity (&ldquo;structural effect&rdquo;) and materials intensity of use (&ldquo;intensity effect&rdquo;) on a sectoral basis.p</p><p>According to the analysis presented here, materials consumption in Finland has grown substantially between 1960 and 1996 in the electricity, gas and water supply, pulp and paper production, civil engineering, and mining and quarrying sectors. In the same period, the ratio of GDP/mass of material mobilized has improved by 175 percent. Economic growth has caused the largest increases in materials use in the building of infrastructures; for example roads, waterways, means of supplying electricity, gas, and water, and in the production of paper and paper products. The least growth took place in the transport, basic metals production, and mining and quarrying sectors.</p>                                   ',	'pending',	'http://doi.wiley.com/10.1162/10881980052541972',	'<li>decomposition analysis;</li><li>dematerialization;</li><li>factor index;</li><li>immaterialization;</li><li>materials flow analysis (MFA);</li><li>rebound effect</li>',	1,	'active'),
(54,	'Decomposition Analysis of Waste Generation From Stocks in a Dynamic System',	' Masahiro Oguchi',	'14',	'4',	' 627&ndash;640',	13,	'2010',	'10.1111/j.1530-9290.2010.00248.x',	'<p>We conducted a decomposition analysis of material flows in a dynamic system, focusing on factors in the generation of waste consumer durables. A methodology for the analysis of consumer durables was developed and applied to three common consumer durables: cathode ray tube TVs, refrigerators, and passenger cars. The methodology decomposed changes in the numbers of waste products into three factors: changes in lifespan distribution, past trends in replacement sales, and past trends in sales for additional purchases. The decomposed equation clearly showed that the number of waste products would not necessarily be reduced by lifespan extension alone. This is because the number of waste products generated is affected not only by current lifespan distribution but also by past trends in sales for replacement and in additional purchases. The results show that changes in past replacement sales influence the current generation of waste, even if current replacement sales are declining. To reduce the generation of waste products on a short&#x2010;term basis, lifespan must be extended until the waste&#x2010;reducing effect of lifespan extension exceeds the waste&#x2010;increasing effect of the other two factors. From a long&#x2010;term perspective, controlling current replacement and additional purchases can be used to prevent future waste product generation.</p>                                   ',	'pending',	'http://doi.wiley.com/10.1111/j.1530-9290.2010.00248.x',	'<li>decomposition analysis;</li><li>industrial ecology;</li><li>lifespan distribution;</li><li>material flow analysis (MFA);</li><li>product life extension;</li><li>waste prevention</li>',	1,	'active'),
(55,	'Dynamic Models of Fixed Capital Stocks and Their Application in Industrial Ecology',	'Stefan Pauliuk and Richard Wood and Edgar G. Hertwich',	'0',	'0',	'',	0,	'2014',	'10.1111/jiec.12149',	'<p>Industrial assets or fixed capital stocks are at the core of the transition to a low&#x2010;carbon economy. They represent substantial accumulations of capital, bulk materials, and critical metals. Their lifetime determines the potential for material recycling and how fast they can be replaced by new, more efficient facilities. Their efficiency determines the coupling between useful output and energy and material throughput. A sound understanding of the economic and physical properties of fixed capital stocks is essential to anticipating the long&#x2010;term environmental and economic consequences of the new energy future. We identify substantial overlap in the way stocks are modeled in national accounting, dynamic material flow analysis, dynamic input&#x2010;output (I/O) analysis, and life cycle assessment (LCA) and we merge these concepts into a common framework for modeling fixed capital stocks. We demonstrate the usefulness of the framework for simultaneous accounting of capital and material stocks and for consequential LCA. We apply the framework to design a demand&#x2010;driven dynamic I/O model with dynamic capital stocks, and we synthesize both the marginal and attributional matrix of technical coefficients (A&#x2010;matrix) from detailed process inventories of fixed assets of different age cohorts and technologies. The stock modeling framework allows researchers to identify and exploit synergies between different model families under the umbrella of socioeconomic metabolism.</p>                                   ',	'pending',	'http://doi.wiley.com/10.1111/jiec.12149',	'<li>consequential LCA;</li><li>dynamic input&#x2010;output analysis;</li><li>dynamic stock model;</li><li>industrial metabolism;</li><li>material flow analysis (MFA);</li><li>perpetual inventory method</li>',	1,	'active'),
(56,	'Analyzing Polyvinyl Chloride in Japan With the Waste Input&minus;Output Material Flow Analysis Model',	' Shinichiro Nakamura',	'13',	'5',	' 706&ndash;717',	11,	'2009',	'10.1111/j.1530-9290.2009.00153.x',	'<p>Effective life cycle management of polyvinyl chloride (PVC) calls for the separation of end&#x2010;of&#x2010;life PVC products at the time of collection not only from other wastes but among different PVC types as well. Information about the flow of PVC products in the economy is important for this purpose. Within the framework of the Japanese input&minus;output (IO) table for the year 2000, with around 400 industry sectors, the flow of PVC is captured in terms of six PVC&#x2010;embodying products and in terms of three PVC types, (1) flexible PVC (soft PVC), (2) rigid PVC (hard PVC), and (3) others. The degree of resolution; the consideration of different PVC types, which are seldom performed in the material flow analysis (MFA) literature; and the use of waste input&minus;output material flow analysis (WIO&#x2010;MFA) represent distinguishing features of our study. The use of WIO&#x2010;MFA methodology enables one to convert a monetary input&minus;output table into a physical interindustry flow table involving an arbitrary number of materials under full consideration of the mass balance. The results indicate that 40% of the PVC produced in Japan is exported (as resins and as products such as passenger motor cars), and the rest is accumulated mostly as capital stock. The largest share of accumulation goes to public construction in the form of plates, pipes, and bars, which are mostly hard&#x2010;PVC products.</p>                                   ',	'pending',	'http://doi.wiley.com/10.1111/j.1530-9290.2009.00153.x',	'<li>economy&#x2010;wide material flow analysis (EW&#x2010;MFA);</li><li>hybrid model;</li><li>input&ndash;output analysis (IOA);</li><li>industrial ecology;</li><li>plastic;</li><li>recycling</li>',	1,	'active'),
(57,	'Probabilistic Assessment of Industrial Synergistic Systems',	' Yung-Chia Hsu and Serge Rohmer',	'14',	'4',	' 558&ndash;575',	17,	'2010',	'10.1111/j.1530-9290.2010.00267.x',	'<p>A probability&#x2010;based method is presented for assessing the reliability of synergistic systems and their ability to cope with the uncertainties often associated with two of a company\'s main types of activities: those carried out by the manufacturing department, and those carried out by the storage department. This method is based on a model focusing on the dynamic simulation of synergistic flows in terms of the mass balance. It differs from previous material flow analysis tools, which do not take into account the temporary failures occurring at the companies involved and the resulting loss of production capacity. The failure events occurring at any of the companies in a synergistic system may result in various levels of synergy failure and a short supply of resources for other companies. We therefore propose to identify the main factors responsible for a lack of synergy. We developed a dynamic stock simulation model for assessing the reliability of synergistic systems as well as that of the individual companies of a system before and after a synergy is set up. We first confirm the validity of this model by comparing the results with those based on the binomial theorem in system reliability analysis, and we then apply the model to the case of an industrial system. We conclude that companies involved in a synergistic system will inevitably be exposed to a higher risk of resource shortage because of the unsteady synergistic and outsourcing flows on which they depend. More efficient stock management methods would prevent the occurrence of the risks often associated with synergistic flows.</p>                                   ',	'pending',	'http://doi.wiley.com/10.1111/j.1530-9290.2010.00267.x',	'<li>dynamic stock simulation;</li><li>industrial ecology;</li><li>material flow analysis (MFA);</li><li>risk assessment;</li><li>synergy;</li><li>system analysis</li>',	1,	'active'),
(58,	'Heavy Metal Balances, Part I',	' Simon W. Moolenaar and Theo M. Lexmond',	'2',	'4',	' 45&ndash;60',	15,	'1998',	'10.1162/jiec.1998.2.4.45',	'<p>The control of heavy metals in such a way that soil functioning and product quality are not impeded is a prerequisie to sustainable agricutture. The current status of heavy metal accumulation in agricultural soils differs widely by region, by metal, and by agricultural system; levels of concern have already been reached in several regions (for instance, in the Netherlands and Australia). An analysis of the input and output fluxes of cadmium (Cd), copper (Cu), lead (Pb), and zinc (Zn) in agriculture and of their resulting accumulation in agricultural soils is necessary to define strategies that ensure sustainable management of these metals in agricultural systems. In this article, general aspects of heavy&#x2010;metal balance studies are described for the agricultural sector within the broader context of substance flow analysis and industrial ecology. The approach chosen in this study is both precautionary and related to actual problem areas.</p>                                   ',	'pending',	'http://doi.wiley.com/10.1162/jiec.1998.2.4.45',	'<li>agriculture;</li><li>heavy metals;</li><li>mass balance;</li><li>materials flows;</li><li>soil contamination;</li><li>substance flow analysis</li>',	1,	'active'),
(59,	'The Life Cycle of Chlorine, Part II: Conversion Processes and Use in the European Chemical Industry',	' Robert U. Ayres and Leslie W. Ayres',	'1',	'2',	' 65&ndash;89',	24,	'1997',	'10.1162/jiec.1997.1.2.65',	'<p>The major purpose of this article is to construct a plausible emissions profile for the European chemical industry from process data and mass balance considerations.\' In it we describe this industry and its major conversion processes and emissions. Four major process chains, beginning with methane, ethylene, propylene, and benzene are analyzed, along with five important stand&#x2010;alone processes. A self&#x2010;consistent version of the industry is constructed for 1992, based on data from a variety of sources.</p><p>In 1992 Europe consumed 9,297 metric kilotons as measured by weight of chlorine (kMT[CI]) of salt and 2 I I kMT(CI) of recycled hydrochloric acid (HCI) to produce 86 I0 kMT of virgin elemental chlorine, plus 278 kMT(CI) of virgin by&#x2010;product HCI. Total chlorine input to the industry was 8,689 kMT including I2 kMT(CI) of recycled chlorinated hydrocarbons (CHCs) and (net) 79 kMT(CI) of HCI. Shipments of chlorine and HCI to other sectors was 1,367 kMT(CI), while 7,322 kMT(CI) was embodied in products or lost within the sector: Of this subtotal, 350 kMT(CI) was used to manufacture identified inorganic chemicals, 5,694 kMT(CI) for identified organic chemicals, and 1,278 kMT(CI) for &ldquo;other unspecified&rdquo; chemicals.</p><p>We estimate that products account for 41.6% of inputs (measured at the &ldquo;fence&rdquo;), while wastes account for 24.7%</p>                                   ',	'pending',	'http://doi.wiley.com/10.1162/jiec.1997.1.2.65',	'<li>chemical manufacturing;</li><li>chlorine;</li><li>industrial metabolism;</li><li>mass balance;</li><li>materials flows;</li><li>substance flow analysis</li>',	1,	'active'),
(60,	'Postconsumption Sewage Treatment in Environmental Systems Analysis of Foods',	' Ulf Sonesson',	'8',	'3',	' 51&ndash;64',	13,	'2004',	'10.1162/1088198042442270',	'<p>Food in general has a high nutrient content, which essentially passes through the human organism and ends up in the sewage system. This high nutrient content in sewage, however, is rarely included in environmental systems analyses of food products or production systems. At the same time, several studies on sewage systems have shown the significance of plant nutrients in sewage system outlets. This means that important environmental effects may be neglected in environmental systems studies of food.</p><p>We present a method for including emissions that occur after food consumption in environmental systems analyses of foods. The method uses easily accessible input data to calculate the postconsumption emissions caused by certain food products.</p><p>The method was tested by completing the results for eutrophication from seven life&#x2010;cycle assessments (LCAs) on food products with the corresponding emissions caused by outlets from a sewage plant. The results showed that postconsumption eutrophication was a significant part of the products\' total life&#x2010;cycle impact, ranging from 5.5% (beef) to 86% (apples).</p><p>The conclusion is that including postconsumption emissions is important for studies aiming at mapping a product\'s life cycle to find the most environmentally relevant parts, as well as for eco&#x2010;labeling purposes. If the purpose of the study is decision support, the postconsumption phase should be included where the decision affects this part of the system, otherwise not. When products are compared, postconsumption emissions should be included if their nutrient contents differ.</p>                                   ',	'pending',	'http://doi.wiley.com/10.1162/1088198042442270',	'<li>chemical oxygen demand(COD);</li><li>environment;</li><li>life&#x2010;cycle assessment(LCA);</li><li>materials flow analysis(MFA);</li><li>nutrient flows;</li><li>sewage systems</li>',	1,	'active'),
(61,	'Global Phosphorus Flows in the Industrial Economy From a Production Perspective',	' Gara Villalba',	'12',	'4',	' 557&ndash;569',	12,	'2008',	'10.1111/j.1530-9290.2008.00050.x',	'<p>Human activity has quadrupled the mobilization of phosphorus (P), a nonrenewable resource that is not fully recycled biologically or industrially. P is accumulated in both water and solid waste due to fertilizer application and industrial, agricultural, and animal P consumption. This paper characterizes the industrial flows, which, although smaller than the agricultural and animal flows, are an important phosphorus source contributing to the pollution of surface waters. We present the quantification of the network of flows as constrained by mass balances of the global annual metabolism of phosphorus, based on global consumption for 2004, all of which eventually ends up as waste and in the soil and water systems. We find that on a yearly basis, 18.9 million metric tons (MMT) of P is produced, of which close to 75% goes to fertilizer and the rest to industrial and others uses. Phosphoric acid is the precursor for many of the intermediate and end uses of phosphate compounds described in this study and accounts for almost 80% of all P consumed. Eventually, all of the P goes to waste: 18.5 MMT ends up in the soil as solid waste, and 1.32 MMT is emissions to air and water. Besides quantifying P flows through our economy, we also consider some possible measures that could be taken to increase the degree of recovery and optimization of this resource and others that are closely related, such as the recovery of sulfur from gypsum and wastewater (sludge), and fluorine from wet phosphoric acid production.</p>                                   ',	'pending',	'http://doi.wiley.com/10.1111/j.1530-9290.2008.00050.x',	'<li>industrial ecology;</li><li>industrial metabolism;</li><li>material flow analysis (MFA);</li><li>phosphate;</li><li>phosphoric acid;</li><li>substance flow accounting (SFA)</li>',	1,	'active'),
(62,	'Heavy-Metal Balances, Part II: Management of Cadmium, Copper, Lead, and Zinc in European Agro-Ecosystems',	' Simon W. Moolenaar',	'3',	'1',	' 41&ndash;53',	12,	'1999',	'10.1162/108819899569386',	'<p>The aim of sustainable heavy&#x2010;metal management in agroecosystems is to ensure that the soil continues to fulfill its functions: in agricultural production, in environmental processes such as the cycling of elements, and as a habitat of numerous organisms. To understand and manage heavy&#x2010;metal flows effectively, a consistent approach to modeling the flows is needed within the particular agro&#x2010;system under study. General aspects of heavy&#x2010;metal balance studies in agro&#x2010;ecosystems were described in part I of this study. In this article (part II), several European studies of heavy&#x2010;metal balances at varying spatial scales and in a variety of agro&#x2010;ecosystems are reviewed. Sectoral studies at the national and international levels provide information for economic analyses and generic regulations; however, policies implemented at these levels often ignore farm characteristics and individual management options. Field&#x2010;scale and farm&#x2010;gate balances give farmers specific feedback on effective options for better heavy&#x2010;metal management. Heavy&#x2010;metal balances could be incorporated in an environmental management system of certified farms. In this way, farm certification may well serve as a basis from which to develop policy to address environmental issues in agriculture.</p>                                   ',	'pending',	'http://doi.wiley.com/10.1162/108819899569386',	'<li>agriculture;</li><li>environmental management systems (EMSs);</li><li>heavy metals;</li><li>materials flow accounting (MFA);</li><li>soil quality management;</li><li>substance flow analysis (SFA)</li>',	1,	'active'),
(63,	'Lifespan of Commodities, Part II',	' Masahiro Oguchi',	'14',	'4',	' 613&ndash;626',	13,	'2010',	'10.1111/j.1530-9290.2010.00251.x',	'<p>Lifespan of commodities is essential information for material flow analysis and material stock accounting. Lifespan data is available in the literature; however, it varies in definition and in methodology employed. This article reviews and categorizes different types of lifespan distribution and distribution estimation methodologies, and investigates the relationship and differences between lifespan definitions and estimation methodologies. Lifespan distribution of commodities can be classified into five types from two perspectives: base year for which the distribution is drawn, and vertical axis of the distribution. The methodologies for estimating lifespan distribution were classified into four types and the details of each methodology and the relationship to the definition of lifespan were also clarified. This article also examines differences in actual lifespan data&mdash;between the types of distribution, the definitions, and the employed methodologies&mdash;by comparing reported data in literature. Any of the four methodologies are theoretically applicable and provide the same value of a lifespan; however unless accurate data such as census statistics are available, lifespan data can vary, and therefore we must be very cautious about the representativeness of sample data.</p>                                   ',	'pending',	'http://doi.wiley.com/10.1111/j.1530-9290.2010.00251.x',	'<li>dynamic modeling;</li><li>industrial ecology;</li><li>lifespan of commodities;</li><li>material flow analysis (MFA);</li><li>material stock accounting (MSA);</li><li>methods</li>',	1,	'active'),
(64,	'Consumption-based Material Flow Accounting',	' Anke Schaffartzik',	'18',	'1',	' 102&ndash;112',	10,	'2014',	'10.1111/jiec.12055',	'<p>In 2007, imports accounted for approximately 34% of the material input (domestic extraction and imports) into the Austrian economy and almost 60% of the GDP stemmed from exports. Upstream material inputs into the production of traded goods, however, are not yet included in the standard framework of material flow accounting (MFA). We have reviewed different approaches accounting for these upstream material inputs, or raw material equivalents (RME), positioning them in a wider debate about consumption&#x2010;based perspectives in environmental accounting. For the period 1995&ndash;2007, we calculated annual RME of Austria\'s trade and consumption applying a hybrid approach. For exports and competitive imports, we used an environmentally extended input&#x2010;output model of the Austrian economy, based on annual supply and use tables and MFA data. For noncompetitive imports, coefficients for upstream material inputs were extracted from life cycle inventories. The RME of Austria\'s imports and exports were approximately three times larger than the trade flows themselves. In 2007, Austria\'s raw material consumption was 30 million tonnes or 15% higher than its domestic material consumption. We discuss the material composition of these flows and their temporal dynamics. Our results demonstrate the need for a consumption&#x2010;based perspective in MFA to provide robust indicators for dematerialization and resource efficiency analysis of open economies.</p>                                   ',	'pending',	'http://doi.wiley.com/10.1111/jiec.12055',	'<li>environmental input&#x2010;output analysis;</li><li>globalization;</li><li>industrial ecology;</li><li>material flow accounting (MFA);</li><li>raw material equivalents (RME);</li><li>resource use indicator</li>',	1,	'active'),
(65,	'Comparing Growth Rates of Nickel and Stainless Steel Use in the Early 2000s',	' Barbara K. Reck and Vera Susanne Rotter',	'16',	'4',	' 518&ndash;528',	10,	'2012',	'10.1111/j.1530-9290.2012.00499.x',	'<p>This study introduces the 2005 life cycle data for nickel in 50 countries and presents a comparative analysis of the 2000 and 2005 nickel and stainless steel cycles for these countries. The life cycles of the two metals are linked by nickel\'s role as a major alloying element in most stainless steels. Between 2000 and 2005, the global use of both metals grew, driven by China\'s extraordinary growth and despite the fact that many industrialized countries decreased their metal use during that time. China\'s and India\'s growth of stainless steel use was greater than that of nickel use, a result of price&#x2010;driven substitution away from nickel&#x2010;containing stainless steels. The intensity of use (IU) in industrialized countries is about 30 to 50 kilograms (kg) nickel/million U.S. dollars (USD), and 300 to 500 kg stainless steel/million USD. High&#x2010;income countries decreased their IU of both metals between 2000 and 2005, while low&#x2010; and medium&#x2010;income countries increased their IU of stainless steel. At the per capita level, average industrialized countries use about 1 kg of nickel and 11 kg of stainless steel. Were China\'s and India\'s projected urban areas in 2025 to use similar amounts of the two metals, they alone would require the equivalent of global nickel production in 2000, and 200% of the world\'s stainless steel production in 2005. In China, substantial nickel and stainless steel end&#x2010;of&#x2010;life flows will arise between 2015 and 2020, and efficient collection and separation systems should be prepared now to maximize the potential environmental and resource benefits of recycling.</p>                                   ',	'pending',	'http://doi.wiley.com/10.1111/j.1530-9290.2012.00499.x',	'<li>China;</li><li>industrial ecology;</li><li>material intensity;</li><li>material flow analysis (MFA);</li><li>recycling;</li><li>substitution</li>',	1,	'active'),
(66,	'Material and Energy Flows and Environmental Impacts of the Internet in Switzerland',	' Esther M&uuml;ller',	'17',	'6',	' 814&ndash;826',	12,	'2013',	'10.1111/jiec.12056',	'<p>The Internet leads to material and energy consumption as well as various environmental impacts on both the regional and global scale. Yet, assessments of the Internet\'s energy consumption and resulting greenhouse gas emissions are still rare, and assessments of material flows and further environmental impacts are virtually non&#x2010;existent. This article investigates material flows, the direct energy consumption during the use phase, as well as environmental impacts linked to the service, &ldquo;Internet in Switzerland.&rdquo; In our model, the service, Internet in Switzerland, is divided into various Internet participant categories. All devices used to access or provide Internet services are merged in a limited number of equipment families and, as such, included in an inventory of the existing infrastructure (stock). Based on this inventory, a material flow analysis (MFA) is performed, which includes the current stock as well as flows resulting from growth and disposal. The direct energy consumption for the operation of the infrastructure is quantified. Environmental impacts are calculated with a life cycle assessment approach, using the ecoinvent database and the software, SimaPro, applying four different methods. The MFA results in a 2009 stock of 98,100&nbsp;tonnes. Approximately 4,130&nbsp;gigawatt hours per year, or 7% of the total Swiss electricity consumption, were used in 2009 to operate the Swiss infrastructure. The environmental impacts caused during the production and use phases vary significantly depending on the assessment method chosen. The disposal phase had mainly positive impacts as a result of material recovery.</p>                                   ',	'pending',	'http://doi.wiley.com/10.1111/jiec.12056',	'<li>allocation;</li><li>energy consumption;</li><li>industrial ecology;</li><li>life cycle assessment (LCA);</li><li>material consumption;</li><li>material flow analysis (MFA)</li>',	1,	'active'),
(67,	'Estimation of Life Cycle Material Costs of Cadmium Telluride&ndash; and Copper Indium Gallium Diselenide&ndash;Photovoltaic Absorber Materials based on Life Cycle Material Flows',	' Max Marwede and Armin Reller',	'18',	'2',	' 254&ndash;267',	13,	'2014',	'10.1111/jiec.12108',	'<p>Chalcogenide and chalcopyrite photovoltaic (PV) technologies are highly suitable for solar energy conversion because of their high efficiency, long&#x2010;term stable performance, and low&#x2010;cost production. However, the absorber materials that are used, such as indium, gallium, and tellurium, are regarded as critical, and their limited availability can hinder market expansion. Therefore, we assess how material efficiency measures along the PV module\'s life cycle can reduce the net material demand of the absorber materials and thus the material costs. In order to estimate the material flows, we developed a closed&#x2010;loop model for the life cycle representing the phases module production, module collection, module recycling, and refinement. In order to reflect the variety and uncertainty in each phase, we compose three different efficiency scenarios by varying material efficiency measures on process and product levels. For each scenario, we compute the life cycle material costs based on the computed material flows. The results show that, in the long term, the material demand can be reduced down to one fourth of the required feedstock for module manufacturing; that is, three fourths of the absorber material stays in the life cycle in a very efficient scenario. Thus, total material costs along the life cycle could be significantly reduced, because the costs for material recycling are lower than the costs for &ldquo;new&rdquo; technical&#x2010;grade material. This reduction in life cycle material costs means that cadmium telluride&ndash; and copper indium gallium diselenide&ndash;PV can still be financially viable even if the price of the absorber materials increases significantly. Hence those technologies will still be competitive against crystalline silicon PV in the mid to long term.</p>                                   ',	'pending',	'http://doi.wiley.com/10.1111/jiec.12108',	'<li>CdTe;</li><li>CIGS;</li><li>industrial ecology;</li><li>life cycle costs;</li><li>material efficiency;</li><li>material flow analysis (MFA)</li>',	1,	'active'),
(68,	'The Direct Material Inputs into Singapore\'s Development',	' Niels B. Schulz',	'11',	'2',	' 117&ndash;131',	14,	'2007',	'10.1162/jie.2007.1200',	'Because human population and socioeconomic activity are both increasingly concentrated in cities, an improved understanding of the environmental consequences of urbanization is needed. A 41-year annual time series of direct material flows was compiled for Singapore, representing a case of fast, export-driven industrialization. Results show that the spectacular economic growth of Singapore by a factor of 20 was associated with a similar expansion of domestic material consumption (DMC). DMC remained closely coupled to economic activity, increasing from below 4 tonnes per capita annually in 1962 to more than 50 tonnes annually in 2000. Despite economic structural changes and a growing service sector, no significant improvements in overall material productivity have been observed.',	'pending',	'http://doi.wiley.com/10.1162/jie.2007.1200',	'<li>domestic material consumption (DMC);</li><li>globalization;</li><li>industrial ecology;</li><li>materials flow analysis (MFA);</li><li>trade;</li><li>urbanization</li>',	1,	'active'),
(69,	'Urban Metabolism of Paris and Its Region',	' Sabine Barles',	'13',	'6',	' 898&ndash;913',	15,	'2009',	'10.1111/j.1530-9290.2009.00169.x',	'<p>The article presents the results of a research project aimed at (1) examining the feasibility of material flow analysis (MFA) on a regional and urban scale in France, (2) selecting the most appropriate method, (3) identifying the available data, and (4) calculating the material balance for a specific case. Using the Eurostat method, the study was conducted for the year 2003 and for three regional levels: Paris, Paris and its suburbs, and the entire region. Applying the method on a local scale required two local indicators to be defined in order to take into account the impact of exported wastes on MFA: LEPO, local and exported flows to nature, and DMCcorr, a modified domestic material consumption (DMC) that excludes exported wastes (and imported ones if necessary).</p><p>As the region extracts, produces, and transforms less material than the country as a whole, its direct material input (DMI) is lower than the national DMI. In all the areas, LEPO exceeds 50% of DMI; in contrast, recycling is very low. The multiscale approach reveals that urban metabolism is strongly impacted by density and the distribution of activities: the dense city center (Paris) exports all of its wastes to the other parts of the region and concentrates food consumption, whereas the agricultural and urban sprawl area consumes high levels of construction materials and fuel. This supports the use of MFA on an urban and regional scale as a basis for material flow management and dematerialization strategies and clearly reveals the important interactions between urban and regional planning and development, and material flows.</p>                                   ',	'pending',	'http://doi.wiley.com/10.1111/j.1530-9290.2009.00169.x',	'<li>construction materials;</li><li>industrial ecology;</li><li>material flow analysis (MFA);</li><li>regional MFA;</li><li>urbanization;</li><li>urban sprawl</li>',	1,	'active'),
(70,	'Lifespan of Commodities, Part I',	' Shinsuke Murakami',	'14',	'4',	' 598&ndash;612',	14,	'2010',	'10.1111/j.1530-9290.2010.00250.x',	'<p>Lifespan is an essential parameter for the accounting and analysis of material stocks and flows, one of the main research topics in industrial ecology. Lifespan is also important as a parameter that portrays the current and historical situation of industrial metabolism, which is an area of interest to industrial ecologists.</p><p>In the present article, the available information from various reports on product lifespan was reviewed. Although we found a large number of data for many durables, the definition of lifespan in published articles varied, which limited our ability to compare reported values. We therefore first defined lifespan and then compared the international and historical data.</p><p>We compiled more than 1,300 data sets from various sources and identified some differences among the types of goods and among regions. With the reviewed data noted in this article, we established a database, named LiVES (Lifespan Database for Vehicles, Equipment, and Structures), and will disclose it on the Internet to share the information.</p>                                   ',	'pending',	'http://doi.wiley.com/10.1111/j.1530-9290.2010.00250.x',	'<li>consumer durables;</li><li>industrial ecology;</li><li>industrial metabolism;</li><li>lifespan extension;</li><li>material flow analysis (MFA);</li><li>material stock accounting (MSA)</li>',	1,	'active'),
(71,	'Materials Metabolism Analysis of China\'s Highway Traffic System (HTS) for Promoting Circular Economy',	' Zongguo Wen and Ruijuan Li',	'14',	'4',	' 641&ndash;649',	8,	'2010',	'10.1111/j.1530-9290.2010.00263.x',	'<p>With the rapid growth of highway mileage and vehicles, the Chinese highway traffic system (HTS) has become one of the great resource consumers. This article attempts to evaluate the material metabolism of China\'s HTS during 2001&ndash;2005 using the approach of material flow analysis (MFA) and to explore possible measures to promote circular economy throughout HTS.</p><p>We measured a set of indicators to illustrate the whole material metabolism of China\'s HTS. The results indicated that the direct material input (DMI) of China\'s HTS increased from 1181.26 million tonnes (Mt) in 2001 to 1,874.57 Mt in 2005, and about 80% of DMI was accumulated in the system as infrastructure and vehicles. The domestic processed output (DPO) increased by 59.0% from 2001 to 2005. Carbon dioxide and solid waste accounted for 80.5% and 10.4% of DPO, respectively. The increase of resource consumption and pollutant emissions kept pace with the growth of transportation turnover. All these suggest that China\'s HTS still followed an extensive linear developing pattern with large resource consumption and heavy pollution emissions during the study period, which brought great challenges to the resources and the environment. Therefore, it\'s high time for China to implement a circular economy throughout the HTS by instituting resource and energy savings, by reducing emissions in the field of infrastructure construction and maintenance, by reducing vehicles&rsquo; energy and materials consumption, and by recycling waste materials.</p>                                   ',	'pending',	'http://doi.wiley.com/10.1111/j.1530-9290.2010.00263.x',	'<li>direct material input (DMI);</li><li>domestic processed output (DPO);</li><li>industrial ecology;</li><li>infrastructure;</li><li>material flow analysis (MFA);</li><li>vehicles</li>',	1,	'active'),
(72,	'Applying Material Flow Accounting: Ecoauditing and Resource Management at the Kambium Furniture Workshop',	' Christa Liedtke',	'2',	'3',	' 131&ndash;147',	16,	'1998',	'10.1162/jiec.1998.2.3.131',	'<p>The European Commission has established the Eco Management and Auditing Scheme (EMAS) to promote and institutionalize corporate environmental management and environmental audits. This article summarizes a study primarily concerned with the execution of an ecoaudit in a medium&#x2010;sized furniture enterprise according to the rules of EMAS. Material flow accounting was used to assess and analyze the &ldquo;gate&#x2010;to&#x2010;gate&rdquo; and &ldquo;cradle&#x2010;to&#x2010;grave&rdquo; environmental impacts related to the firm\'s products and activities. A resource management strategy was developed that permits the determination of methods for firm&#x2010;specific material flow management, product management, and ecological product design to improve environmental performance as seen from the vantage point of resource efficiency</p>                                   ',	'pending',	'http://doi.wiley.com/10.1162/jiec.1998.2.3.131',	'<li>Eco Management and Auditing Scheme (EMAS);</li><li>ecodesign;</li><li>environmental management system (EMS);</li><li>material flow analysis (MFA);</li><li>material input per service unit (MIPS);</li><li>small&#x2010; and medium&#x2010;sized enterprises (SMEs)</li>',	1,	'active'),
(73,	'Resource Use in Growing China',	' Heming Wang',	'16',	'4',	' 481&ndash;492',	11,	'2012',	'10.1111/j.1530-9290.2012.00484.x',	'<p>Natural resources provide the basis for our life on Earth. This article presents the accounts of China\'s direct material input (DMI) during 1998&ndash;2008. Using decomposition, we examine factors that have influenced changes in recent resource use in China. China\'s resource demand in 2011&ndash;2015 is projected, based on China\'s 12th Five&#x2010;Year Plan. Finally, effective policies to restrain China\'s resource demand are discussed with the following conclusions: (1) During 1998&ndash;2008, China\'s DMI doubled, from 11 gigatons (Gt) to 22 Gt. Metallic minerals had the strongest growth, quadrupling; nonmetallic minerals and fossil fuels more than doubled, but biomass remained stable. In relative terms, nonmetallic minerals dominated, with more than 60% of total DMI. (2) Factors of affluence (A) and material use intensity (T), respectively, contributed most to the increase and decrease of DMI, but the overall decrease effect is much smaller. Factors of population (P) and recycling (R) only slightly affected changes in China\'s DMI. (3) During 2008&ndash;2015, China\'s DMI is expected to increase by 27% to 38%, from 22 Gt to 28 to 31 Gt. The average annual rate of increase of DMI would drop to 3% to 5%, from 7% during 1998&ndash;2008. (4) Designing new products and infrastructure that use less energy and materials and changing consumption patterns to be more sustainable are crucial to the future resource strategy of China. More policies are expected to improve China\'s material use intensity and recycling levels.</p>                                   ',	'pending',	'http://doi.wiley.com/10.1111/j.1530-9290.2012.00484.x',	'<li>economic growth;</li><li>industrial ecology;</li><li>material flow analysis (MFA);</li><li>material use intensity;</li><li>recycling;</li><li>resource use</li>',	1,	'active'),
(74,	'Dematerialization: Not Just a Matter of Weight',	' Ester van der Voet',	'8',	'4',	' 121&ndash;137',	16,	'2004',	'10.1162/1088198043630432',	'This article contains the results of a study performed to support the Dutch environmental policy of dematerialization. The aim of the study was to develop and apply a methodology to identify the materials that contribute most to the environmental problems in the Netherlands. The developed methodology combines aspects of material flow accounting (MFA) and life-cycle assessment (LCA) and aims at adding a set of environmental weights to the flows of the materials. The methodology was applied to a number of materials. For these materials, impacts per kilogram were extracted from a standard LCA database in combination with standard LCA software. These impacts per kilogram are then multiplied with the yearly throughput of each material in the Netherlands to obtain an indication of the environmental impacts associated with each material.<br />\r\n<br />\r\nThis article contains a discussion of dematerialization as background for the research, a description of the methodology followed by the results of its application, and a discussion of the comparison of impact-based versus mass-based indicators. Materials vary many orders of magnitude in their impacts per unit mass. In general, the impact per unit of mass of bulk materials is lower than that of materials used in small quantities. This implies that the variation in orders of magnitude of impact multiplied by mass is much less than either mass or impact per kilogram separately. High-priority materials based on impact multiplied by mass are either small-quantity materials with very high impacts per kilogram (such as heavy metals) or large-quantity materials with not-so-low impacts per kilogram (such as materials from agriculture and plastics).',	'pending',	'http://doi.wiley.com/10.1162/1088198043630432',	'<li>dematerialization;</li><li>environmental impacts;</li><li>indicators;</li><li>life&#x2010;cycle assessment (LCA);</li><li>materials;</li><li>materials flow analysis</li>',	1,	'active'),
(75,	'Japanese 3R Policies Based on Material Flow Analysis',	' Hiroaki Takiguchi and Kazuhiko Takemoto',	'12',	'5',	' 792&ndash;798',	6,	'2008',	'10.1111/j.1530-9290.2008.00093.x',	'<p>This article describes Japan\'s adoption of the sound material&#x2010;cycle society (SMC Society) as a key goal in its pursuit of sustainable development. An SMC Society is defined in Japanese law as a society wherein the consumption of natural resources is restrained and the environmental load is reduced as far as possible, through promotion of the 3Rs&mdash;reduction, reuse, and recycling&mdash;as well as the environmentally sound disposal of solid waste. The Fundamental Law for Establishing an SMC Society, enacted in 2000, requires the government to formulate a plan, two of which have been developed to date. The Fundamental Plans set quantitative targets for three indicators: resource productivity, cyclical use rate, and final disposal amount. Initial results indicate that resource productivity has increased because the increase in real gross domestic product (GDP) has been accompanied by a decrease in direct material input (DMI), the cycle use rate has increased&ndash;mainly because of the growth in the recycling rate of industrial waste&ndash;and the final disposal amount has been decreasing. These goals have also been pursued on a global scale through the Group of Eight (G8) process known as the 3R Initiative.</p>                                   ',	'pending',	'http://doi.wiley.com/10.1111/j.1530-9290.2008.00093.x',	'<li>environmental indicator;</li><li>industrial ecology;</li><li>material flow analysis (MFA);</li><li>sound material&#x2010;cycle society;</li><li>Group of Eight (G8);</li><li>resource productivity</li>',	1,	'active'),
(76,	'A Material History of Australia',	' Richard Wood',	'13',	'6',	' 847&ndash;862',	15,	'2009',	'10.1111/j.1530-9290.2009.00177.x',	'<p>This article presents an analysis of the material history of Australia in the period 1975&ndash;2005. The values of economy&#x2010;wide indicators of material flow roughly trebled since 1975, and we identify the drivers of this change through structural decomposition analysis. The purpose of this work is to delve beneath the top&#x2010;level trends in material flow growth to investigate the structural changes in the economy that have been driving this growth. The major positive drivers of this change were the level of exports, export mix, industrial structure, affluence, and population. Only improvements in material intensity offered retardation of growth in material flow. Other structural components had only small effects at the aggregate level. At a more detailed level, however, the importance of the mineral sectors became apparent. Improvements in mining techniques have reduced material requirements, but increased consumption within the economy and increased exports have offset these reductions. The full roll out of material flow accounting through Australian society and business and a systematic response to its implications will require change in the national growth focus of the last two generations, with serious consideration needed to reverse the current volume&#x2010;focused growth of the economy and also to recast neoliberal and globalized trade policies that have dominated the globe for the past decades.</p>                                   ',	'pending',	'http://doi.wiley.com/10.1111/j.1530-9290.2009.00177.x',	'<li>industrial ecology;</li><li>input&ndash;output analysis (IOA);</li><li>material flow analysis (MFA);</li><li>mining;</li><li>resource use indicators;</li><li>structural decomposition analysis</li>',	1,	'active'),
(77,	'Chlorine in the Netherlands, Part II: Risk Management in Uncertainty for Chlorine',	' Arnold Tukker',	'1',	'2',	' 91&ndash;110',	19,	'1997',	'10.1162/jiec.1997.1.2.91',	'<p>The debate over chlorine in industrialized economies has become extremely polarized in the last decade. Environmental pressure groups are striving for a virtual phaseout of chlorine and chlorinated hydrocarbons (CHCs), because they are convinced that the risks cannot be managed. Industry argues this is not necessary because environmental risks can be controlled, nor is it feasible, because at least 60% of all firms use CHCs, produds made with CHCs, or elemental chlorine. In an attempt to give this discussion a more factual basis, the Dutch minister of environment launched a strategic study on chlorine (see Kleijn et al. I997;Tukker et al. 1995). Using all available knowledge about emissions and contemporary evaluation methods, the study found only a limited number of environmental issues outstanding related to the chlorine chain: however, it also found important uncertainties. This article describes the outstanding uncertainties in more detail. It defines which uncertainties have to be regarded as chlorine&#x2010;specific and the extent to which additional research can resolve them. For the remaining uncertainties the potential benefts of uncertainty reduction strategies are evaluted, relying mainly on the precautionary principle</p>                                   ',	'pending',	'http://doi.wiley.com/10.1162/jiec.1997.1.2.91',	'<li>chlorine;</li><li>chlorine flows in the Netherlands;</li><li>materials flows;</li><li>precautionery principle;</li><li>risk assessment;</li><li>substance flow analysis</li>',	1,	'active'),
(78,	'Materials Flow Accounting in Sweden Material Use for National Consumption and for Export',	' Viveka Palm and Kristina Jonsson',	'7',	'1',	' 81&ndash;92',	11,	'2003',	'10.1162/108819803766729203',	'<p>This article presents Swedish economy&#x2010;wide material flow accounts for the period 1987&#x2010;1998. It also shows possibilities for enhancing the international comparability of aggregated data on material use, by distinguishing between materials used for consumption and export purposes. The direct material input (DMI) is used as an aggregate measure to estimate the amounts of natural resources (except water and air) that are taken from nature into the economy within a year, including imports to and production within the region in question. The division of materials used for consumption and export purposes avoids double counting trade flows when DMI is applied to a group of countries.</p><p>The annual DMI in Sweden for 1997&#x2010;1998, including production and imports, amounts to 24 to 27 metric tons per capita (t/c). The fossil fuel input varies only slightly over the period, from 3.2 t/c in 1991 to 3.6 t/c in 1996, a level deemed unsustainable by the Swedish Environmental Protection Agency. The input of renewable raw materials varies between 8 and 9 t/c. Ores and minerals vary between 11 and 15 t/c. The DMI puts Sweden above estimates made for Germany, the United States, and Japan and in the same range as the Netherlands. The differences in these values can mainly be explained by the relative importance of exports as compared to the size of the economy and by the variation in system boundaries for the data on natural resources. The system boundaries and data sources for natural resources need to be further defined to make the measures fully comparable. Around 5 t/c is exported, whereas the rest, around 20 t/c, is national consumption.</p><p>The aggregate direct material consumption (DMC), which is the DMI minus exports, communicates the magnitude of resource use. Comparisons of the input with solid waste statistics indicate that quantity of waste (excluding mining waste) in Sweden is equal to about 10% relative of the total resource use. Material collected for recycling by the waste management system is equal to about 5% of the amount of virgin resources brought into society each year.</p>                                   ',	'pending',	'http://doi.wiley.com/10.1162/108819803766729203',	'<li>direct material consumption (DMC);</li><li>direct material inputs (DMI);</li><li>environmental accounts;</li><li>exports;</li><li>industrial metabolism;</li><li>materials flow analysis (MFA)</li>',	1,	'active'),
(79,	'Toward a Low Carbon&ndash;Dematerialization Society',	' Feng Shi',	'16',	'4',	' 493&ndash;505',	12,	'2012',	'10.1111/j.1530-9290.2012.00523.x',	'<p>Rapid industrialization and urbanization has been occurring in China since the introduction of the opening&#x2010;up policy in 1978. The demands of building and infrastructure construction have increased rapidly, especially in the transportation and housing sectors in China. Large amounts of construction materials have been required in building construction and maintenance of the railway and road systems, especially steel and cement. Continued cement and steel production will require heavy raw material resource consumption and will emit a great deal of carbon dioxide (CO2). This study forecasts future steel and cement demand and related resource consumption and CO2 emissions for building and transportation infrastructure based on a material flow analysis of China. Furthermore, the effect of prolonging the lifetime of building and transportation infrastructure is appraised. The results indicate that building and transportation infrastructure will increase sharply through 2030. Although the demand for new construction will then decrease, steel and cement consumption will remain at a high level through 2050 because these are needed to maintain roads and railways. In addition, prolonging the lifetime of buildings and infrastructure is a useful way to avoid more raw material consumption and to mitigate CO2 emissions. However, its main effect is to decrease the demolition of buildings and reduce material use for the maintenance of roads and railways. Currently not enough countermeasures have been implemented to realize a low carbon&ndash;dematerialization society in the building and transportation construction sector. Future comprehensive efforts should include the reuse of waste construction material and a reduction in raw material consumption intensity by applying technical innovations.</p>                                   ',	'pending',	'http://doi.wiley.com/10.1111/j.1530-9290.2012.00523.x',	'<li>building material;</li><li>CO<sub>2</sub> emissions;</li><li>environmental impact assessment;</li><li>industrial ecology;</li><li>material flow analysis (MFA);</li><li>material intensity</li>',	1,	'active'),
(80,	'Rationale for and Interpretation of Economy-Wide Materials Flow Analysis and Derived Indicators',	' Stefan Bringezu',	'7',	'2',	' 43&ndash;64',	21,	'2003',	'10.1162/108819803322564343',	'<p>Economy&#x2010;wide material flow analysis (MFA) and derived indicators have been developed to monitor and assess the metabolic performance of economies, that is, with respect to the internal economic flows and the exchange of materials with the environment and with other economies. Indicators such as direct material input (DMI) and direct material consumption (DMC) measure material use related to either production or consumption. Domestic hidden flows (HF) account for unused domestic extraction, and foreign HF represent the upstream primary resource requirements of the imports. DMI and domestic and foreign HF account for the total material requirement (TMR) of an economy. Subtracting the exports and their HF provides the total material consumption (TMC).</p><p>DMI and TMR are used to measure the (de&#x2010;) coupling of resource use and economic growth, providing the basis for resource efficiency indicators. Accounting for TMR allows detection of shifts from domestic to foreign resource requirements. Net addition to stock (NAS) measures the physical growth of an economy. It indicates the distance from flow equilibrium of inputs and outputs that may be regarded as a necessary condition of a sustainable mature metabolism.</p><p>We discuss the extent to which MFA&#x2010;based indicators can also be used to assess the environmental performance. For that purpose we consider different impacts of material flows, and different scales and perspectives of the analysis, and distinguish between turnover&#x2010;based indicators of generic environmental pressure and impact&#x2010;based indicators of specific environmental pressure. Indicators such as TMR and TMC are regarded as generic pressure indicators that may not be used to indicate specific environmental impacts. The TMR of industrial countries is discussed with respect to the question of whether volume and composition may be regarded as unsustainable.</p>                                   ',	'pending',	'http://doi.wiley.com/10.1162/108819803322564343',	'<li>direct material input (DMI);</li><li>environmental indicators;</li><li>material flow analysis (MFA);</li><li>physical economy;</li><li>sustainability;</li><li>total material requirement (TMR)</li>',	1,	'active'),
(81,	'The Energetic Metabolism of the European Union and the United States: Decadal Energy Input Time-Series with an Emphasis on Biomass',	' Helmut Haberl',	'10',	'4',	' 151&ndash;171',	20,	'2006',	'10.1162/jiec.2006.10.4.151',	'<p>This article presents an assessment of energy inputs of the European Union (the 15 countries before the 2004 enlargement, abbreviated EU&#x2010;15) for the period 1970&ndash;2001 and the United States for 1980&ndash;2000. The data are based on an energy flow analysis (EFA) that evaluates socioeconomic energy flows in a way that is conceptually consistent with current materials flow analysis (MFA) methods. EFA allows assessment of the total amount of energy required by a national economy; it yields measures of the size of economic systems in biophysical units. In contrast to conventional energy balances, which only include technically used energy, EFA also accounts for socioeconomic inputs of biomass; that is, it also considers food, feed, wood and other materials of biological origin. The energy flow accounts presented in this article do not include embodied energy. Energy flow analyses are relevant for comparisons across modes of subsistence (e.g., agrarian and industrial society) and also to detect interrelations between energy utilization and land use. In the EU&#x2010;15, domestic energy consumption (DEC = apparent consumption = domestic extraction plus import minus export) grew from 60 exajoules per year (1 EJ = 1018 J) in 1970 to 79 EJ/yr in 2001, thus exceeding its territory\'s net primary production (NPP, a measure of the energy throughput of ecosystems). In the United States, DEC increased from 102 EJ/yr in 1980 to 125 EJ/yr in 2000 and was thus slightly smaller than its NPP. Taken together, the EU&#x2010;15 and the United States accounted for about 38% of global technical energy use, 31% of humanity\'s energetic metabolism, but only 10% of global terrestrial NPP and 11% of world population in the early 1990s. Per capita DEC of the United States is more than twice that of the EU&#x2010;15. Calculated according to EFA methods, energy input in the EU and the United States was between one&#x2010;fifth and one&#x2010;third above the corresponding value reported in conventional energy balances. The article discusses implications of these results for sustainability, as well as future research needs.</p>                                   ',	'pending',	'http://doi.wiley.com/10.1162/jiec.2006.10.4.151',	'<li>biomass;</li><li>energy accounting;</li><li>energy flow analysis (EFA);</li><li>human appropriation of net primary productivity (HANPP);</li><li>materials flow analysis (MFA);</li><li>physical economy</li>',	1,	'active'),
(82,	'Approaches for Quantifying the Metabolism of Physical Economies: A Comparative Survey: Part II: Review of Individual Approaches',	' Peter L. Daniels',	'6',	'1',	' 65&ndash;88',	23,	'2002',	'10.1162/108819802320971641',	'<p>This article is the second of a two&#x2010;part series that describes and compares the essential features of nine &ldquo;physical economy&rdquo; approaches for mapping and quantifying the material demands of the human economy upon the natural environ&#x2010;ment. These approaches are critical tools in the design and implementation of industrial ecology strategies for greater eco&#x2010;efficiency and reduced environmental impacts of human economic activity. Part I of the series provided an overview, meth&#x2010;odological classification, and comparison of a selected set of major materials flow analysis (MFA) and related techniques. This sequel includes a convenient reference and overview of the major metabolism measurement approaches in the form of a more detailed summary of the key specific analytical and other features of the approaches introduced in part I. The surveyed physical economy related environmental analysis ap&#x2010;proaches include total material requirement and output mod&#x2010;els, bulk MFA (IFF (Department of Social Ecology, Institute for Interdiscplinary Studies of Austrian Universities) material flow balance model variant), physical input&#x2010;output tables, substance flow analysis, ecological footprint analysis, environmental space, material intensity per unit service, life&#x2010;cycle assessment (LCA), the sustainable process index, and company&#x2010;level MFA.</p>                                   ',	'pending',	'http://doi.wiley.com/10.1162/108819802320971641',	'<li>industrial metabolism;</li><li>mass balance;</li><li>materials flow analysis (MFA);</li><li>physical economy;</li><li>societal metabolism;</li><li>substance flow analysis (SFA);</li><li>e&#x2010;supplement available on the JIE;</li><li>website</li>',	1,	'active'),
(83,	'Lead In-Use Stock',	' Jiansu Mao and T. E. Graedel',	'13',	'1',	' 112&ndash;126',	14,	'2009',	'10.1111/j.1530-9290.2009.00109.x',	'<p>The 20th century was a time of rapidly escalating use of lead (Pb). As a consequence, the standing stock of lead is now substantial. By linking lead extraction and use to estimates of product lifetimes and recycling, we have derived an estimate of the standing stock of lead throughout the century by top&#x2010;down techniques. We find that the stock of in&#x2010;use lead is almost entirely made up of batteries (68%), lead sheet (10%), and lead pipe (10%). Globally, about 200 teragrams (Tg) Pb was mined in the 20th century, and about 25 Tg Pb now makes up the in&#x2010;use stock, so some 87% has been lost over time. Nonetheless, about 11% of all lead entering use was added to in&#x2010;use stock in 2000, so the stock continues to increase each year. Currently, most of the stock is in Europe (32%), North America (32%), and Asia (24%). On a per capita basis, the global stock is about 5.6 kilograms (kg) Pb, and regional in&#x2010;use stock ranges from 2.0 kg Pb (Africa) to 19.7 kg Pb (Europe). From a sustainability perspective, we estimate that the global lead resource is around 415 Tg Pb. Were the entire world to receive the services of lead at the level of the developed countries, some 130 Tg Pb would be needed, so there do not appear to be significant long&#x2010;term limitations to the lead supply.</p>                                   ',	'pending',	'http://doi.wiley.com/10.1111/j.1530-9290.2009.00109.x',	'<li>industrial ecology;</li><li>lead&#x2010;acid battery;</li><li>material flow analysis (MFA);</li><li>substance flow analysis (SFA);</li><li>sustainable resource use;</li><li>top&#x2010;down approach</li>',	1,	'active'),
(84,	'Future Redistribution of Cadmium to Arable Swedish Soils: A Substance Stock Analysis',	' Sten Karlsson',	'8',	'4',	' 41&ndash;57',	16,	'2004',	'10.1162/1088198043630522',	'This article describes a stock-based methodology designed to analyze the redistribution of substance stocks to environmental compartments. The methodology is then applied to investigate the requirements and possibilities for avoiding undesired future accumulation of cadmium in Swedish arable soils. A prospective decomposition analysis of human cadmium mobilization is thus performed to estimate the potential amounts that can end up in arable soils through different flows from the cadmium stocks identified. The requirements for cadmium abatement to achieve prescribed goals for accumulation limits are determined and compared with past and current achievements and with the varying qualities of possible abatement methods.<br />\r\n<br />\r\nA stock-based methodology adds some important information to traditional scenario techniques based on substance flow analysis. The most obvious is that the fact that stocks are limited actually matters for long-term accumulation of cadmium in arable land. The methodology may also contribute certain indicators, for instance, on abatement requirements, which could serve as a complement to regulation and local quality measures on specific flows at an aggregated policy level. The stock perspective also sheds new light on actions such as increased recycling.<br />\r\n<br />\r\nConcerning the specific example used in the study, it is possible to achieve a future addition of cadmium in Swedish agricultural soils that is significantly lower than in the past, although the amount depends to a large degree on activities and policies outside Sweden. Considerable uncertainty exists regarding future depositions from air, especially that from distributed small-scale emissions from fuel burning and reemission of already deposited cadmium from natural media. Measures must also be taken to guarantee a continued low addition in the form of mineral phosphorus fertilizers.',	'pending',	'http://doi.wiley.com/10.1162/1088198043630522',	'<li>arable soils;</li><li>cadmium;</li><li>environmental indicators;</li><li>exhaustible resource;</li><li>materials flow analysis (MFA);</li><li>substance flow analysis (SFA)</li>',	1,	'active'),
(85,	'Cadmium Flows Caused by the Worldwide Production of Primary Zinc Metal',	' Matthias Achternbosch',	'13',	'3',	' 438&ndash;454',	16,	'2009',	'10.1111/j.1530-9290.2009.00128.x',	'<p>Material flows of the economic cycle can contain toxic substances, which enter the economy as impurities in raw materials or are intentionally added as minor or even main constituents during the manufacture of industrial or consumer goods. Cadmium, predominantly associated with zinc minerals, is a by&#x2010;product of the primary zinc production. Cadmium is generated when zinc is extracted from zinc ores and concentrates, an intermediate product resulting from flotation processing after the zinc ore has been mined and milled. Information on the amount of cadmium generated from zinc extraction is rarely published. In this article, we assess generation and fate of cadmium accumulating worldwide in the production of primary zinc from ores and concentrates. Model calculations for the beginning of the 21st century show that annually about 30,000 tonnes of cadmium were generated, but only approximately 16,000 tonnes were converted to primary cadmium metal, key material for the production of other cadmium compounds (e.g., cadmium oxide), and cadmium&#x2010;containing goods (e.g., nickel&minus;cadmium batteries). Hence, about 14,000 tonnes of cadmium must have been transferred somewhere else. The fate of about 5,500 tonnes can be plausibly explained, but it is difficult to determine what happens to the rest.</p>                                   ',	'pending',	'http://doi.wiley.com/10.1111/j.1530-9290.2009.00128.x',	'<li>heavy metals;</li><li>industrial ecology;</li><li>material flow analysis (MFA);</li><li>mining;</li><li>substance flow analysis (SFA);</li><li>zinc production</li>',	1,	'active'),
(86,	'Recycling Rates of Aluminum in the United States',	' Wei-Qiang Chen',	'17',	'6',	' 926&ndash;938',	12,	'2013',	'10.1111/jiec.12070',	'<p>Recycling rates of aluminum are defined in different (sometimes inconsistent) ways and poorly quantified. To address this situation, the definitions and calculation methods of four groups of indicators are specified for the United States: (1) indicators used to measure recycling efficiencies of old aluminum scrap at the end&#x2010;of&#x2010;life (EOL) stage, including EOL collection rate (CR), EOL processing rate, EOL recycling rate, and EOL domestic recycling rate; (2) indicators used to compare generation or use of new with old scrap, including new to old scrap ratio, new scrap ratio (NSR), and old scrap ratio; (3) indicators used to compare production or use of primary aluminum with secondary aluminum, including four recycling input rates (RIRs); and (4) indicators used to track the sinks of aluminum metal in the U.S. anthroposphere. I find that the central estimate of EOL CR varies between 38% and 65% in the United States from 1980 to 2009 and shares a relatively similar historical trend with the primary aluminum price. The RIR is shown to be significantly reduced if excluding secondary aluminum produced from new scrap resulting from the relatively high NSR. In 2003, a time when approximately 73% of all of the aluminum produced globally since 1950 was considered to still be &ldquo;in service,&rdquo; approximately 68% to 69% of all metallic aluminum that had entered the U.S. anthroposphere since 1900 was still in use: 67% in domestic in&#x2010;use stock and 1% to 2% exported as scrap. Only 6% to 7% was definitely lost to the environment, although the destination of 25% of the aluminum was unknown. It was either exported as EOL products, was currently hibernating, or was lost during collection.</p>                                   ',	'pending',	'http://doi.wiley.com/10.1111/jiec.12070',	'<li>aluminum recycling;</li><li>collection rate;</li><li>industrial ecology;</li><li>material flow analysis (MFA);</li><li>recovery efficiency;</li><li>substance flow analysis (SFA)</li>',	1,	'active'),
(87,	'Particle Flow Analysis',	' Rickard Arvidsson',	'16',	'3',	' 343&ndash;351',	8,	'2012',	'10.1111/j.1530-9290.2011.00429.x',	'<p>Several authors have highlighted the potential risks of nanoparticles (NPs). Still, little is known about the magnitude of emissions of NPs from society. Here, the method of explorative particle flow analysis (PFA), a modification of the more well&#x2010;known substance flow analysis (SFA), is suggested. In explorative PFA, particle number instead of mass is used as flow and stock metric and explorative scenarios are used to account for potential technology diffusion and, consequently, potentially higher emissions. The method has been applied in a case study of the use phase of titanium dioxide (TiO2) NPs in paint, sunscreen and self&#x2010;cleaning cement. The results indicate that the current largest emissions of TiO2 NPs originate from the use of sunscreen. One scenario implies that, in the future, the largest flows and stocks of TiO2 NPs could be related to self&#x2010;cleaning cement. Gaps in current knowledge are identified and suggestions for future research are given.</p>                                   ',	'pending',	'http://doi.wiley.com/10.1111/j.1530-9290.2011.00429.x',	'<li>explorative scenarios;</li><li>industrial ecology;</li><li>material flow analysis (MFA);</li><li>nanomaterials;</li><li>nanotechnology;</li><li>substance flow analysis (SFA)</li>',	1,	'active'),
(88,	'Approaches for Quantifying the Metabolism of Physical Economies: Part I: Methodological Overview',	' Peter L. Daniels and Stephen Moore',	'5',	'4',	' 69&ndash;93',	24,	'2001',	'10.1162/10881980160084042',	'<p>This article is the first of a two&#x2010;part series that describes and compares the essential features of nine existing &ldquo;physical economy&rdquo; approaches for quantifying the material demands of the human economy upon the natural environment. A range of material flow analysis (MFA) and related techniques is assessed and compared in terms of several major dimensions. These include the system boundary identification for material flow sources, extents, and the key socioinstitutional entities containing relevant driving forces, as well as the nature and detailing of system components and flow interconnections, and the comprehensiveness and types of flows and materials covered.</p><p>Shared conceptual themes of a new wave of physical economy approaches are described with a brief overview of the potential applications of this broad family of methodologies. The evolving and somewhat controversial nature of the characteristics and role that define MFA is examined. This review suggests the need to specify whether MFA is a general metabolic flow measurement procedure that can be applied from micro to macrolevels of economic activity, or a more specific methodology aimed primarily at economy&#x2010;wide analyses that &ldquo;map&rdquo; the material relations between society and nature. Some alternative options for classifying MFA are introduced for discussion before a more detailed comparative summary of the key methodological features of each approach in the second part of this two&#x2010;part article.</p><p>The review is presented (1) as a reference and resource for the increasing number of policy makers and practitioners involved in industrial ecology and the evaluation of the material basis of economies and the formulation of eco&#x2010;efficiency strategies, and (2) to provoke discussion and ongoing dialogue to clarify the many existing areas of discordance in environmental accounting related to material flows, and help consolidate the methodological basis and application of MFA.</p>                                   ',	'pending',	'http://doi.wiley.com/10.1162/10881980160084042',	'<li>industrial metabolism;</li><li>mass balance;</li><li>material flow analysis (MFA);</li><li>physical economy;</li><li>societal metabolism;</li><li>substance flow analysis (SFA)</li>',	1,	'active'),
(89,	'Dynamic Modeling of In-Use Cement Stocks in the United States',	' Amit Kapur',	'12',	'4',	' 539&ndash;556',	17,	'2008',	'10.1111/j.1530-9290.2008.00055.x',	'<p>A dynamic substance&#x2010;flow model is developed to characterize the stocks and flows of cement utilized during the 20th century in the United States, using the generic cement life cycle as a systems boundary. The motivation for estimating historical inventories of cement stocks and flows is to provide accurate estimates of contemporary cement in&#x2010;use stocks in U.S. infrastructure and future discards to relevant stakeholders in U.S. infrastructure, such as the federal and state highway administrators, departments of transportation, public and private utilities, and the construction and cement industries. Such information will assist in planning future rehabilitation projects and better life cycle management of infrastructure systems. In the present policy environment of climate negotiations, estimates of in&#x2010;use cement infrastructure can provide insights about to what extent built environment can act as a carbon sink over its lifetime. The rate of addition of new stock, its composition, and the repair of existing stock are key determinants of infrastructure sustainability. Based upon a probability of failure approach, a dynamic stock and flow model was developed utilizing three statistical lifetime distributions&mdash;Weibull, gamma, and lognormal&mdash;for each cement end&#x2010;use. The model&#x2010;derived estimate of the &ldquo;in&#x2010;use&rdquo; cement stocks in the United States is in the range of 4.2 to 4.4 billion metric tons (gigatonnes, Gt). This indicates that 82% to 87% of cement utilized during the last century is still in use. On a per capita basis, this is equivalent to 14.3 to 15.0 tonnes of in&#x2010;use cement stock per person. The in&#x2010;use cement stock per capita has doubled over the last 50 years, although the rate of growth has slowed.</p>                                   ',	'pending',	'http://doi.wiley.com/10.1111/j.1530-9290.2008.00055.x',	'<li>industrial ecology;</li><li>infrastructure;</li><li>lifetime distribution;</li><li>material flow analysis (MFA);</li><li>probability of failure;</li><li>substance flow analysis</li>',	1,	'active'),
(90,	'On the Utility of Counting Joules: Reply to Comments by Mario Giampietro',	' Helmut Haberl',	'10',	'4',	' 187&ndash;192',	5,	'2006',	'10.1162/jiec.2006.10.4.187',	'',	'pending',	'http://doi.wiley.com/10.1162/jiec.2006.10.4.187',	'',	1,	'active'),
(91,	'The Raw Material Equivalents of International Trade',	' Pablo Mu&ntilde;oz',	'13',	'6',	' 881&ndash;897',	16,	'2009',	'10.1111/j.1530-9290.2009.00154.x',	'<p>This article aims at estimating the raw material equivalents (RMEs)&mdash;the upstream used material flows required along the production chain&mdash;of imports and exports for some Latin American countries: Brazil, Chile, Colombia, Ecuador, and Mexico. Furthermore, the United States is included in the analysis as a reference for a high&#x2010;income economy. The RME concept and the empirical evidence are articulated by use of an input&minus;output methodology. Results are set out for the year 2003 for each of the countries and in time series for the years 1977, 1986, 1996, and 2003 in the case of Chile. The findings show not only the physical dimensions behind direct material traded but also how the previous exporter (importer) position of a country (based on standard material flow analysis indicators) deteriorates, alleviates, or changes. Implications for material consumption indicators, such as direct material consumption (DMC) and raw material consumption (RMC), are also drawn. The results suggest basing the discussion of material flows on a broader set of indicators to obtain a more comprehensive picture of the implications of international trade and its impacts on the environment.</p>                                   ',	'pending',	'http://doi.wiley.com/10.1111/j.1530-9290.2009.00154.x',	'<li>dematerialization;</li><li>industrial ecology;</li><li>input&minus;output analysis (IOA);</li><li>material flow analysis (MFA);</li><li>physical trade balance;</li><li>raw material consumption</li>',	1,	'active'),
(92,	'Structural Decomposition Analysis of Raw Material Consumption',	' Jan Weinzettel and Jan Kovanda',	'15',	'6',	' 893&ndash;907',	14,	'2011',	'10.1111/j.1530-9290.2011.00378.x',	'<p>The aim of this article is to quantify the drivers for the changes in raw material consumption (domestic material consumption expressed in the form of all materials extracted and used in the production phase) in terms of technology, which refers to the concept of sustainable production; the product structure of final demand, which refers to the concept of sustainable consumption; and the volume of final demand, which is related to economic growth. We also aim to determine to what extent the technological development and a shift in product structure of the final demand compensate for the growth in final consumption volume. Therefore, we apply structural decomposition analysis (SDA) to the change in raw material consumption (RMC) of the Czech Republic between 2000 and 2007. To present the study in a broader context, we also show other material flow indicators for the Czech Republic for 2000 and 2007.</p><p>Our findings of SDA show that final demand structure has a very limited effect on the change in material flows. The rapid change in final demand volume was not compensated for crude oil, metal ores, construction materials, food crops, and timber. For the material category of non&#x2010;iron metal ores, even the change in technology contributes to an increase in material flows. The largest relative increases are reported for non&#x2010;iron metal ores (38%) and construction materials (30%).</p><p>The main changes in material flows related to the Czech Republic are driven by exports and enabled by imports, the main source of these increased material flows. This emphasizes the increasing role of international trade.</p>                                   ',	'pending',	'http://doi.wiley.com/10.1111/j.1530-9290.2011.00378.x',	'<li>economy&#x2010;wide material flow analysis (EW&#x2010;MFA);</li><li>hybrid life cycle assessment (hybrid LCA);</li><li>input&#x2010;output analysis (IOA);</li><li>industrial ecology;</li><li>raw material equivalents (RME);</li><li>RMC</li>',	1,	'active'),
(93,	'Assessing Socioeconomic Metabolism Through Hybrid Life Cycle Assessment',	' Jan Weinzettel and Jan Kovanda',	'13',	'4',	' 607&ndash;621',	14,	'2009',	'10.1111/j.1530-9290.2009.00144.x',	'<p>This article applies a combined input&minus;output and life cycle inventory (LCI) method to the calculation of emissions and material requirements of the Czech economy in 2003. The main focus is on materials and emissions embodied in the international trade of the Czech Republic. Emissions and material extraction avoided due to imports are calculated according to an input&minus;output approach that assumes the same production technology for imports as for domestic production. Because not all products are provided by the domestic economy, the LCI data are incorporated into the monetary input&minus;output model.</p><p>The results show that incorporating the LCI data into an input&minus;output model is reasonable. The emissions embodied in the international trade of the Czech Republic are comparable to the domestic emissions. We compare the economy&#x2010;wide material flow indicators, such as direct material input, domestic material consumption, and physical trade balance, to their raw material equivalents. The results of our calculation show that the Czech Republic exerts environmental pressure on the environment in other countries through international trade.</p><p>We argue that raw material equivalents should be used to express the flows across national boundaries. Furthermore, we recommend a raw material consumption indicator for international comparisons.</p>                                   ',	'pending',	'http://doi.wiley.com/10.1111/j.1530-9290.2009.00144.x',	'<li>economy&#x2010;wide material flow analysis (EW&#x2010;MFA);</li><li>embodied emissions;</li><li>industrial ecology;</li><li>input&minus;output analysis (IOA);</li><li>international trade;</li><li>raw material equivalent</li>',	1,	'active'),
(94,	'The Human Dimensions of Geomorphological Work in Britain',	' Ian Douglas and Nigel Lawson',	'4',	'2',	' 9&ndash;33',	24,	'2000',	'10.1162/108819800569771',	'<p>The transfer of materials from the natural environment to the urban and industrially built environment produces two broad impacts on the landscape: a removal of materials from the earth\'s surface (a change in geomorphology) and the accumulation of a stock of concrete and other materials elsewhere in cities and industrial zones (a change in urban morphology). Thus, industrial activity transforms natural landscapes and, in doing so, has to be considered to be a geological and geomorphological agent. On the global scale, the deliberate shift of around 57,000 Mt (megatons)/yr of materials through mineral extraction processes exceeds the annual transport of sediment to the oceans by rivers (some 22,000 Mt/yr) by almost a factor of three. On the island of Britain, the total deliberate shift of earth&#x2010;surface materials is between 688 and 972 Mt/yr, depending on whether or not the replacement of overburden in opencast coal mining is taken into account. The export of sediment to the oceans by rivers is only 10 Mt/yr whereas the export of materials in solution is about 40 Mt/yr, making the deliberate materials shift nearly 14 times larger than the shift caused by natural processes. Processes examined by industrial ecology, such as direct excavation, urban development, and waste dumping are those most driving changes in the shape of the British landscape today. These transformations pose added costs. Industrial ecology will produce an understanding of the hidden costs associated with these transformations. Such an understanding will help in planning and encouraging the reuse of materials everywhere and in identifying the key areas for intervention to reduce off&#x2010;site geomorphological impacts and costs.</p>                                   ',	'pending',	'http://doi.wiley.com/10.1162/108819800569771',	'<li>construction and demolition waste;</li><li>hidden materials flow;</li><li>landform change;</li><li>materials flow analysis;</li><li>mining</li>',	1,	'active'),
(95,	'Accounting for the Material Stock of Nations',	' Tomer Fishman',	'18',	'3',	' 407&ndash;420',	13,	'2014',	'10.1111/jiec.12114',	'<p>National material stock (MS) accounts have been a neglected field of analysis in industrial ecology, possibly because of the difficulty in establishing such accounts. In this research, we propose a novel method to model national MS based on historical material flow data. This enables us to avoid the laborious data work involved with bottom&#x2010;up accounts for stocks and to arrive at plausible levels of stock accumulation for nations. We apply the method for the United States and Japan to establish a proof of concept for two very different cases of industrial development. Looking at a period of 75&nbsp;years (1930&ndash;2005), we find that per capita MS has been much higher in the United States for the entire period, but that Japan has experienced much higher growth rates throughout, in line with Japan\'s late industrial development. By 2005, however, both Japan and the United States arrive at a very similar level of national MS of 310 to 375 tonnes per capita, respectively. This research provides new insight into the relationship between MS and flows in national economies and enables us to extend the debate about material efficiency from a narrow perspective of throughput to a broader perspective of stocks.</p>                                   ',	'pending',	'http://doi.wiley.com/10.1111/jiec.12114',	'<li>construction stocks;</li><li>industrial ecology;</li><li>material efficiency;</li><li>material flow analysis (MFA);</li><li>social metabolism;</li><li>stock and flow modeling</li>',	1,	'active'),
(96,	'The Metabolic Transition in Japan',	' Fridolin Krausmann',	'15',	'6',	' 877&ndash;892',	15,	'2011',	'10.1111/j.1530-9290.2011.00376.x',	'The notion of a (socio-) metabolic transition has been used to describe fundamental changes in socioeconomic energy and material use during industrialization. During the last century, Japan developed from a largely agrarian economy to one of the world\'s leading industrial nations. It is one of the few industrial countries that has experienced prolonged dematerialization and recently has adopted a rigorous resource policy. This article investigates changes in Japan\'s metabolism during industrialization on the basis of a material flow account for the period from 1878 to 2005. It presents annual data for material extraction, trade, and domestic consumption by major material group and explores the relations among population growth, economic development, and material (and energy) use. During the observed period, the size of Japan\'s metabolism grew by a factor of 40, and the share of mineral and fossil materials in domestic material consumption (DMC) grew to more than 90%. Much of the growth in the Japanese metabolism was based on imported materials and occurred in only 20 years after World War II (WWII), when Japan rapidly built up large stocks of built infrastructure, developed heavy industry, and adopted patterns of mass production and consumption. The surge in material use came to an abrupt halt with the first oil crisis, however. Material use stabilized, and the economy eventually began to dematerialize. Although gross domestic product (GDP) grew much faster than material use, improvements in material intensity are a relatively recent phenomenon. Japan emerges as a role model for the metabolic transition but is also exceptional in many ways.',	'pending',	'http://doi.wiley.com/10.1111/j.1530-9290.2011.00376.x',	'<li>dematerialization;</li><li>industrial ecology;</li><li>material flow analysis (MFA);</li><li>material intensity;</li><li>resource flows;</li><li>societal metabolism</li>',	1,	'active'),
(97,	'The Physical Economy of the United States of America',	' Sylvia Gierlinger and Fridolin Krausmann',	'16',	'3',	' 365&ndash;377',	12,	'2012',	'10.1111/j.1530-9290.2011.00404.x',	'<p>The United States is not only the world\'s largest economy, but it is also one of the world\'s largest consumers of natural resources. The country, which is inhabited by some 5% of the world\'s population, uses roughly one&#x2010;fifth of the global primary energy supply and 15% of all extracted materials. This article explores long&#x2010;term trends and patterns of material use in the United States. Based on a material flow account (MFA) that is fully consistent with current standards of economy&#x2010;wide MFAs and covers domestic extraction, imports, and exports of materials for a 135&#x2010;year period, we investigated the evolution of the U.S. industrial metabolism. This process was characterized by an 18&#x2010;fold increase in material consumption, a multiplication of material use per capita, and a shift from renewable biomass toward mineral and fossil resources. In spite of considerable improvements in material intensity, no dematerialization has happened so far; in contrast to other high&#x2010;income countries, material use has not stabilized since the 1970s, but has continued to grow. This article compares patterns and trends of material use in the United States with those in Japan and the United Kingdom and discusses the factors underlying the disproportionately high level of U.S. per capita resource consumption.</p>                                   ',	'pending',	'http://doi.wiley.com/10.1111/j.1530-9290.2011.00404.x',	'<li>dematerialization;</li><li>industrial ecology;</li><li>material flow accounting;</li><li>material flow analysis (MFA);</li><li>resource productivity;</li><li>societal metabolism</li>',	1,	'active'),
(98,	'Materials Flows in Finland: Resource Use in a Small Open Economy',	' Ilmo M&auml;enpa&auml;&auml; and Artti Juutinen',	'5',	'3',	' 33&ndash;48',	15,	'2001',	'10.1162/108819801760049459',	'<p>In this article, the development of natural resource use in Finland during the period 1970&#x2010;1997 is analyzed. In measuring natural resource use, the concept of total material requirement (TMR) is applied. The focus is on the linkages of resource use with the changing structures of the economy. The linkages are studied using input&#x2010;output analysis.</p><p>Using input&#x2010;output analysis, the TMR is further partitioned into resources used for domestic final use or for total material consumption (TMC) and total material requirement of exports (TME). The analysis shows that TMR has the problem of double accounting: if the TMRs of all countries of the world are summed, then international trade would be accounted for twice in the world TMR, once in imports and once in exports of each country.</p><p>The TMC concept does not have this kind of defect. In a small, open economy like that of Finland, where the share of foreign trade is large, the difference between the TMR and the TMC is also large. We show that by 1997, the TME comprised about half of Finland\'s TMR and that the growth of the TMR over the study period has been due to the TME only as the TMC has stayed rather constant.</p>                                   ',	'pending',	'http://doi.wiley.com/10.1162/108819801760049459',	'<li>gross domestic product (GDP);</li><li>input&#x2010;output analysis;</li><li>material intensity;</li><li>materials flow accounting (MFA);</li><li>total material consumption (TMC);</li><li>total material requirement (TMR)</li>',	1,	'active'),
(99,	'Managing the Flow of Construction Minerals in the North West Region of England',	' Darryn McEvoy',	'8',	'3',	' 121&ndash;140',	19,	'2004',	'10.1162/1088198042442289',	'<p>This article, focusing on the flow of bulk construction minerals, establishes a mass balance framework for the North West of England, a region that imports more aggregate material than any other in the United Kingdom. The problems associated with construction minerals are of a different nature than most other resource flow issues: Depletion of resources and contamination are not considered major problems; rather it is the environmental impact resulting from life&#x2010;cycle stages from extraction, transport, processing, through to final disposal that is most important. A mass balance framework can promote a better understanding of the regional flow of materials, and the impact of human activity on surrounding ecosystems, and hence underpin informed decision making. This is of particular relevance at the current time because increasing political emphasis is placed on sustainable resource management and resource productivity at the United Kingdom and European Union levels. Using a mass balance framework to analyze the sustainability impacts of construction and mineral flows in the North West of England, this study finds that flows resulting from construction activity account for 34,075 terajoules (TJ) of energy resulting in 2,701 gigagrams (Gg) of carbon dioxide emissions related to energy use, and 387 Gg of carbon dioxide emissions related to the transportation of the minerals. Against these impacts, the flow of bulk construction mineral salso supports 147,000 jobs within the region.</p>                                   ',	'pending',	'http://doi.wiley.com/10.1162/1088198042442289',	'<li>industrial metabolism;</li><li>mass fiow analysis;</li><li>materials flow analysis;</li><li>physical economy;</li><li>socioeconomic metabolism;</li><li>substance flow analysis</li>',	1,	'active'),
(100,	'Society\'s Metabolism - The Intellectual History of Materials Flow Analysis, Part II, 1970-1998',	' Marina Fischer-Kowalski and Walter H&uuml;ttler',	'2',	'4',	' 107&ndash;136',	29,	'1998',	'10.1162/jiec.1998.2.4.107',	'<p>&ldquo;Societal metabolism&rdquo; provides the appropriate conceptual basis for the rapidly growing development and analylical and policy interest in materials flow analysis (MFA). Following the review of the earlier intellectual background of societal metabolism in the first installment of this two&#x2010;part article, this paper focuses on the current state of the art by examining more recent research referring t o societal metabolism in terms of material and substance flows. An operational classification of the literature according to frame of reference (socioeconomic system, ecosystem), system level (global, national, regional, functional, temporal), and types of flows under consideration (materials, energy, substances) highlights some of its characteristic features. There follows an integrated discussion of some of the major conceptual and methodological properties of MFA, with a particular focus on the field of bulk materials flows on a national level, comparing the major empirical results. Finally, the theoretical stringency research productivity, and political relevance of the MFA&#x2010;related studies are assessed.</p>                                   ',	'pending',	'http://doi.wiley.com/10.1162/jiec.1998.2.4.107',	'<li>industrial metabolism;</li><li>mass fiow analysis;</li><li>materials flow analysis;</li><li>physical economy;</li><li>socioeconomic metabolism;</li><li>substance flow analysis</li>',	1,	'active'),
(101,	'Full Mode and Attribution Mode in Environmental Analysis',	' Helias Udo de Haes',	'4',	'1',	' 45&ndash;56',	11,	'2000',	'10.1162/108819800569285',	'<p>Several tools exist for the analysis of the environmental impacts of chains or networks of processes. These relatively simple tools include materials flow accounting (MFA), substance flow analysis (SFA), life&#x2010;cycle assessment (LCA), energy analysis, and environmentally extended input&#x2010;output analysis (IOA), all based on fixed input&#x2010;output relations. They are characterized by the nature of their flow objects, such as products, materials, energy, substances, or money flows, and by their spatial and temporal characteristics. These characteristics are insufficient for their methodological characterization, and sometimes lead to inappropriate use. More clarity is desirable, both for clearer guidance of applications and for a more consistent methodology development. In addition to the nature of the flow object and to spatial and temporal characteristics, another key feature concerns the way in which processes are included in a system to be analyzed.</p><p>The inclusion of processes can be done in two fundamentally different ways: according to a full mode of analysis, with the inclusion of all flows and related processes to their full extent as present in a region in a specific period of time; and according to an attribution mode, taking processes into account insofar as these are required for a given social demand, function, or activity, in principle whenever and wherever these processes take place. This distinction, which cuts across families of tools that traditionally belong together, appears to have significant methodological and practical implications. Thus the distinction between the two modes of analysis, however crucial it may be, strengthens the idea of one coherent family of tools for environmental systems analysis.</p>                                   ',	'pending',	'http://doi.wiley.com/10.1162/108819800569285',	'<li>attribution;</li><li>energy analysis;</li><li>input&#x2010;output analysis (IOA);</li><li>life&#x2010;cycle assessment (LCA);</li><li>materials flow accounting (MFA);</li><li>substance flow analysis (SFA)</li>',	1,	'active'),
(102,	'Reverse Problem Formulation for Integrating Process Discharges with Watersheds and Drainage Systems',	' Eva M. Lovelady',	'13',	'6',	' 914&ndash;927',	13,	'2009',	'10.1111/j.1530-9290.2009.00179.x',	'<p>This work introduces a new approach to integrating the discharges of industrial processes with macroscopic watershed systems. The key concept is that environmental quality models (such as material flow analysis) can be inverted and included in an optimization formulation that seeks to determine the maximum allowable target for the process discharges while meeting the overall environmental requirements of the watershed. Because of its holistic nature, this approach simultaneously considers the effects of the inputs and outputs to the watershed (e.g., agricultural, residential, wastewater treatment plants, industrial, and so on) and the various physical, chemical, and biological phenomena occurring within the watershed. An optimization formulation is developed to systematically represent the reverse problem formulation. To illustrate the effectiveness of this approach, a case study is solved to manage phosphorus in Bahr El&#x2010;Baqar drainage system leading to Lake Manzala in Egypt. The key environmental and economic aspects are addressed and used to screen plant location and discharges.</p>                                   ',	'pending',	'http://doi.wiley.com/10.1111/j.1530-9290.2009.00179.x',	'<li>industrial ecology;</li><li>material flow analysis (MFA);</li><li>reverse formulation;</li><li>substance flow analysis (SFA);</li><li>system analysis;</li><li>water quality</li>',	1,	'active'),
(103,	'Using Total Material Requirement to Reduce the Global Environmental Burden',	' I&ntilde;aki Arto',	'13',	'5',	' 775&ndash;790',	15,	'2009',	'10.1111/j.1530-9290.2009.00172.x',	'<p>Total material requirement (TMR), a measure of all of the material input required by a national economy, is sometimes criticized for failing to link material flows within an economy and their global environmental impacts. This article presents a three&#x2010;step method for bridging this gap. The method shows how to (1) analyze TMR accounts to identify potentially environmentally relevant flows (PERF), that is, material flows with potential environmental impacts abroad; (2) assess the socioenvironmental impacts of the identified PERF; and (3) determine the main economic activities underlying these PERF. Using this method we are able to add an environmental dimension to TMR accounts and to make the connection between economic activities and their socioenvironmental impacts worldwide. This methodology has been applied to the Basque Country (BC) region (Spain). An in&#x2010;depth analysis of the trends in the TMR of the BC shows that tin imports associated with tin capsule production account for around 7% of the TMR. These high figures are due to the substantial hidden flows (HF) of tin imports, which is an indicator of potential environmental impacts abroad. We find that tin extraction and concentration involve several social and environmental impacts such as waste generation, soil, water, and air pollution affecting biodiversity and human health, and child labor. These impacts are located in Indonesia, China, Peru, Bolivia, Brazil, Malaysia, and Thailand.</p>                                   ',	'pending',	'http://doi.wiley.com/10.1111/j.1530-9290.2009.00172.x',	'<li>economy&#x2010;wide material flow analysis;</li><li>(EW&#x2010;MFA);</li><li>hidden material flow (HF);</li><li>industrial ecology;</li><li>potentially environmentally relevant;</li><li>flows (PERF);</li><li>Spain;</li><li>tin capsules</li>',	1,	'active'),
(104,	'Methodology and Indicators of Economy-wide Material Flow Accounting',	' M. Fischer-Kowalski',	'15',	'6',	' 855&ndash;876',	21,	'2011',	'10.1111/j.1530-9290.2011.00366.x',	'<p>This contribution presents the state of the art of economy&#x2010;wide material flow accounting. Starting from a brief recollection of the intellectual and policy history of this approach, we outline system definition, key methodological assumptions, and derived indicators. The next section makes an effort to establish data reliability and uncertainty for a number of existing multinational (European and global) material flow accounting (MFA) data compilations and discusses sources of inconsistencies and variations for some indicators and trends. The results show that the methodology has reached a certain maturity: Coefficients of variation between databases lie in the range of 10% to 20%, and correlations between databases across countries amount to an average&ensp;R2 of 0.95. After discussing some of the research frontiers for further methodological development, we conclude that the material flow accounting framework and the data generated have reached a maturity that warrants material flow indicators to complement traditional economic and demographic information in providing a sound basis for discussing national and international policies for sustainable resource use.</p>                                   ',	'pending',	'http://doi.wiley.com/10.1111/j.1530-9290.2011.00366.x',	'<li>economy&#x2010;wide material flow analysis (EW&#x2010;MFA);</li><li>industrial ecology;</li><li>material flow accounting (MFA);</li><li>metabolism;</li><li>raw material extraction;</li><li>sustainable resource use</li>',	1,	'active'),
(105,	'Material Flow Indicators in the Czech Republic in Light of the Accession to the European Union',	' Jan Kovanda',	'14',	'4',	' 650&ndash;665',	15,	'2010',	'10.1111/j.1530-9290.2010.00253.x',	'<p>This article deals with the economy&#x2010;wide material flows in the Czech Republic in 1990&ndash;2006. It presents in brief the overall trends of the material flow indicators in 1990&ndash;2002. The major part of the article is focused on the years 2002&ndash;2006, which immediately preceded and followed the accession of the Czech Republic to the European Union in 2004. It is shown that this accession had quite a significant impact on the volume and character of the material flows of the Czech Republic. The accession was beneficial from an economic point of view, as it allowed for an increased supply of materials needed for economic growth. Furthermore, it was accompanied by an improvement in the efficiency of material transformation into economic output. From an environmental and broader sustainability point of view, however, this accession brought about some controversial outcomes. There was a significant increase in the net export of environmental pressure, on one hand, and an increase in net additions to the physical stock of the economy, on the other. Although the former is controversial from the viewpoint of equity in sharing area and resources, the latter places an additional burden on future generations because all physical stocks will turn into waste and emissions at some point, when their life span expires.</p>                                   ',	'pending',	'http://doi.wiley.com/10.1111/j.1530-9290.2010.00253.x',	'<li>indirect flows;</li><li>industrial ecology;</li><li>international trade;</li><li>material flow analysis (MFA);</li><li>material intensity;</li><li>material productivity</li>',	1,	'active'),
(106,	'The System of Environmental and Economic Accounts&mdash;2003 and the Economic Relevance of Physical Flow Accounting',	' Ole Gravg&aring;rd Pedersen and Mark de Haan',	'10',	'1',	' 19&ndash;42',	23,	'2006',	'10.1162/108819806775545466',	'The international handbook on integrated environmental and economic accounting (SEEA-2003) provides a detailed overview of environmental accounting approaches that have been developed in parallel with the system of national (economic) accounts. In addition to natural resource stock accounts and environmental protection expenditure accounts, SEEA-2003 pays considerable attention to physical flow accounting. Expanding the national economic accounts with physical data sets facilitates the joint analysis of environmental and economic policy issues. This article discusses the main characteristics of national accounts-oriented physical flow accounting approaches and provides an overview of the kind of indicators they may put forward. Although this article is not an attempt to provide a comprehensive review of macrooriented physical flow accounting approaches, the analytical advantages of national accounts-oriented physical flow accounts are illustrated.',	'pending',	'http://doi.wiley.com/10.1162/108819806775545466',	'<li>environmental accounting;</li><li>input&#x2010;output analysis;</li><li>materials flows accounting (MFA);</li><li>National Accounting Matrix including;</li><li>Environmental Accounts (NAMEA);</li><li>physical input&#x2010;output tables (PIOT);</li><li>system of national accounts (SNA)</li>',	1,	'active'),
(107,	'Trade, Materials Flows, and Economic Development in the South: The Example of Chile',	' Stefan Giljum',	'8',	'1',	' 241&ndash;261',	20,	'2004',	'10.1162/1088198041269418',	'Materials flow analysis (MFA) is internationally recognized as a key tool to assess the biophysical metabolism of societies and to provide aggregated indicators for environmental pressures of human activities. Economy-wide MFAs have been compiled for a number of Organisation for Economic Cooperation and Development (OECD) countries, but so far very few studies exist for countries in the South. In this article, the first materials-flow-based indicators for Chile are presented. The article analyzes the restructuring of the Chilean economy toward an active integration in the world markets from the perspective of natural resource use in a time series from 1973 to 2000. Special emphasis is placed on the assessment of materials flows related to Chiles international trade relations. Results show that material inputs to the Chilean economy increased by a factor of 6, mainly as a result of the promotion of resource-intensive exports from the mining, fruit growing, forestry, and fishery sectors. At more than 40 tons, Chiles resource use per capita at present is one of the highest in the world. The article addresses the main shortcomings of the MFA approach, such as weight-based aggregation and the missing links between environmental pressures and impacts, and gives suggestions for methodological improvements and possible extensions of the MFA framework, with the intent of developing MFA into a more powerful tool for policy use. ',	'pending',	'http://doi.wiley.com/10.1162/1088198041269418',	'<li>environmental impacts;</li><li>international trade;</li><li>materials flow analysis (MFA);</li><li>resource use indicators;</li><li>societal metabolism;</li><li>valuation</li>',	1,	'active'),
(108,	'Unintentional Flow of Alloying Elements in Steel during Recycling of End-of-Life Vehicles',	' Hajime Ohno',	'18',	'2',	' 242&ndash;253',	11,	'2014',	'10.1111/jiec.12095',	'<p>Alloying elements in steel add a wide range of valuable properties to steel materials that are indispensable for the global economy. However, they are likely to be effectively irretrievably blended into the steel when recycled because of (among other issues) the lack of information about the composition of the scrap. This results in the alloying elements dissipating in slag during steelmaking and/or becoming contaminants in secondary steel. We used the waste input&#x2010;output material flow analysis model to quantify the unintentional flows of alloying elements (i.e., chromium, nickel, and molybdenum) that occur in steel materials and that result from mixing during end&#x2010;of&#x2010;life (EOL) processes. The model can be used to predict in detail the flows of ferrous materials in various phases, including the recycling phase by extending steel, alloying element source, and iron and steel scrap sectors. Application of the model to Japanese data indicates the critical importance of the recycling of EOL vehicles (ELVs) in Japan because passenger cars are the final destination of the largest share of these alloying elements. However, the contents of alloying elements are rarely considered in current ELV recycling. Consequently, the present study demonstrates that considerable amounts of alloying elements, which correspond to 7% to 8% of the annual consumption in electric arc furnace (EAF) steelmaking, are unintentionally introduced into EAFs. This result suggests the importance of quality&#x2010;based scrap recycling for efficient management of alloying elements.</p>                                   ',	'pending',	'http://doi.wiley.com/10.1111/jiec.12095',	'<li>end&#x2010;of&#x2010;life vehicles (ELVs);</li><li>industrial ecology;</li><li>iron and steel scrap;</li><li>material flow analysis (MFA);</li><li>metal recycling;</li><li>waste input output material;</li><li>flow analysis (WIO&#x2010;MFA)</li>',	1,	'active'),
(109,	'Pursuing More Sustainable Consumption by Analyzing Household Metabolism in European Countries and Cities',	' Henri C. Moll',	'9',	'1',	' 259&ndash;275',	16,	'2005',	'10.1162/1088198054084662',	'<p>Bringing about more sustainable consumption patterns is an important challenge for society and science. In this article the concept of household metabolism is applied to analyzing consumption patterns and to identifying possibilities for the development of sustainable household consumption patterns. Household metabolism is determined in terms of total energy requirements, including both direct and indirect energy requirements, using a hybrid method. This method enables us to evaluate various determinants of the environmental load of consumption consistently at several levels&mdash;the national level, the local level, and the household level.</p><p>The average annual energy requirement of households varies considerably between the Netherlands, the United Kingdom, Norway, and Sweden, as well as within these countries. The average expenditure level per household explains a large part of the observed variations. Differences between these countries are also related to the efficiency of the production sectors and to the energy supply system. The consumption categories of food, transport, and recreation show the largest contributions to the environmental load. A comparison of consumer groups with different household characteristics shows remarkable differences in the division of spending over the consumption categories.</p><p>Thus, analyses of different types of households are important for providing a basis for options to induce decreases of the environmental load of household consumption. At the city level, options for change are provided by an analysis of the city infrastructure, which determines a large part of the direct energy use by households (for transport and heating). At the national level, energy efficiency in production and in electricity generation is an important trigger for decreasing household energy requirements.</p>                                   ',	'pending',	'http://doi.wiley.com/10.1162/1088198054084662',	'<li>cross&#x2010;national comparisons;</li><li>energy;</li><li>Energy Analysis Program (EAP);</li><li>environmental load;</li><li>industrial ecology;</li><li>materials flow analysis (MFA)</li>',	1,	'active'),
(110,	'The Multilevel Cycle of Anthropogenic Zinc',	' T. E. Graedel',	'9',	'3',	' 67&ndash;90',	23,	'2005',	'10.1162/1088198054821573',	'<p>A comprehensive annual cycle for stocks and flows of zinc, based on data from circa 1994 and incorporating information on extraction, processing, fabrication, use, discard, recycling, and landfilling, was carried out at three discrete governmental unit levels&mdash;54 countries and 1 country group (which together comprise essentially all global anthropogenic zinc stocks and flows), nine world regions, and the planet as a whole. All of these cycles are available in an electronic supplement to this article, which thus provides a metadata set on zinc flows for the use of industrial ecology researchers. A &ldquo;best estimate&rdquo; global zinc cycle was constructed to resolve aggregation discrepancies. Among the most interesting results are the following: (1) The accumulation ratio, that is, addition to in&#x2010;use stock as a function of zinc entering use, is positive and large (2/3 of zinc entering use is added to stock) (country, regional, and global levels); (2) secondary input ratios (fractions of input to fabrication that are from recycled zinc) and domestic recycling percentages (fractions of discarded zinc that are recycled) differ among regions by as much as a factor of six (regional level); (3) worldwide, about 40% of the zinc that was discarded in various forms was recovered and reused or recycled (global level); (4) zinc cycles can usefully be characterized by a set of ratios, including, notably, the utilization efficiency (the ratio of manufacturing waste to manufacturing output: 0.090) and the prompt scrap ratio (new scrap as a fraction of manufacturing input: 0.070) (global level). Because capturable discards are a significant fraction of primary zinc inputs, if a larger proportion of discards were recaptured, extraction requirements would decrease significantly (global level). The results provide a framework for complementary studies in resource stocks, industrial resource utilization, energy consumption, waste management, industrial economics, and environmental impacts.</p>                                   ',	'pending',	'http://doi.wiley.com/10.1162/1088198054821573',	'<li>landfills;</li><li>materials flow analysis;</li><li>recycling;</li><li>resource use;</li><li>substance flow analysis;</li><li>waste management</li>',	1,	'active'),
(111,	'Accounting for Fluorine: Production, Use, and Loss',	' Gara Villalba',	'11',	'1',	' 85&ndash;101',	16,	'2007',	'10.1162/jiec.2007.1075',	'<p>Fluorine is an essential element to human health and to the chemical industry. In spite of our dependence on fluorine and fluorine compounds, we have yet to learn to use them wisely. Our fluorine history, which spans about a hundred years, has had negative effects such as hydrofluoric acid pollution caused by aluminum smelters and ozone depletion due to chlorofluorocarbon (CFC) emissions. More recent concerns center on greenhouse effects from CFCs, hydrofluorocarbons (HFCs), and sulfur hexafluoride (SF6). In this article we note also that fluorine is a nonrenewable resource that is nonsubstitutable for many purposes. This article tracks fluorine from sources through conversion processes to end uses, most of which are dissipative. We present a stock&#x2010;flow model of the fluorine system. Based on this model we consider some possible measures that could be taken to increase the degree of recovery. To mention one example, a large percentage of the world demand for fluorspar could be supplied by the phosphate rock (fertilizer) industry, which currently dissipates a great deal of recoverable fluorine in waste phospho&#x2010;gypsum.</p>                                   ',	'pending',	'http://doi.wiley.com/10.1162/jiec.2007.1075',	'<li>fluorine cycle;</li><li>fluorine emissions;</li><li>industrial ecology;</li><li>materials flow analysis (MFA);</li><li>resource accounting;</li><li>substance flow analysis (SFA)</li>',	1,	'active'),
(112,	'Food Consumption and Nutrient Flows: Nitrogen in Sweden Since the 1870s',	' Tina-Simone Schmid Neset',	'10',	'4',	' 61&ndash;75',	14,	'2006',	'10.1162/jiec.2006.10.4.61',	'<p>Changes in food consumption and related processes have a significant impact on the flow of nitrogen in the environment. This study identifies both flows within the system and emissions to the hydrosphere and atmosphere. A case study of an average inhabitant of the city of Link&ouml;ping, Sweden, covers the years 1870, 1900, 1950, and 2000 and includes changes in food consumption and processing, agricultural production, and organic waste handling practices. Emissions to the hydrosphere from organic waste handling increased from 0.57 kilograms of nitrogen per capita per year (kg N/cap per year) to 3.1 kg N/cap per year, whereas the total flow of nitrogen to waste deposits grew from a negligible amount to 1.7 kg N/cap per year. The largest flow of nitrogen during the entire period came from fodder. The input of chemical fertilizer rose gradually to a high level of 15 kg N/cap per year in the year 2000. The total load per capita disposed of to the environment decreased during these 130 years by about 30%.</p>                                   ',	'pending',	'http://doi.wiley.com/10.1162/jiec.2006.10.4.61',	'<li>dynamic modeling;</li><li>food production;</li><li>industrial ecology;</li><li>materials flow analysis (MFA);</li><li>mathematical materials flow analysis (MMFA);</li><li>substance flow analysis (SFA)</li>',	1,	'active'),
(113,	'Applying Ecological Input-Output Flow Analysis to Material Flows in Industrial Systems: Part II: Flow Metrics',	' Reid Bailey',	'8',	'1',	' 69&ndash;91',	22,	'2004',	'10.1162/1088198041269472',	'This article, continuing with the themes of the companion article, expounds the capabilities of input-output techniques as applied to material flows in industrial systems. Material flows are the primary focus because of their role in directly linking natural and industrial systems and thereby being fundamental components of environmental issues in industrial economies. The specific topic in this article concerns several material flow metrics used to characterize system behavior that are derived from the ecological development of input-output techniques; most notable of these metrics are several measures of material cycling and a measure of the number of processes visited by material while in a system. These metrics are shown to be useful in analyzing the state of material flow systems. Further-more, the metrics are shown to be a central link in connecting input-output flow analysis to synthesis (i.e., the process of using measurements of system behavior to design changes to that system). By connecting the flow metrics to both environmental objectives and controllable aspects of flow models, changes to existing flow systems are synthesized to generate improved system behavior. To bring this pair of articles to a close, several limitations of input-output flow analysis are summarized with the goal of stimulating further interest and research.',	'pending',	'http://doi.wiley.com/10.1162/1088198041269472',	'<li>carpet;</li><li>environmental metrics;</li><li>input&#x2010;output analysis (I&#x2010;OA);</li><li>materials flow analysis (MFA);</li><li>substance flow analysis (SFA);</li><li>recycling</li>',	1,	'active'),
(114,	'Applying Ecological Input-Output Flow Analysis to Material Flows in Industrial Systems: Part I: Tracing Flows',	' Reid Bailey',	'8',	'1',	' 45&ndash;68',	23,	'2004',	'10.1162/1088198041269346',	'Input-output mathematics, which allows a modeler to fully consider direct and indirect relationships among conserved flows in a system, has a long history in economics with prominent use dating to Leontief in the 1930s. Nearly all previous industrial applications of input-output analysis have been grounded in the monetary flows of an economy. Here however, because of the central nature of physical flows in the environmental impact of industry, we consider physical flows to be a fundamental component of an industrial economy. Hence, we propose an input-output based approach for modeling physical flows in industry independent of their monetary implications.\r\n<br /><br />\r\nIn this first part of a two-part article, a framework for using input-output mathematics to model material and energy flows is constructed from a foundation laid by previous research in nutrient and energy cycling in natural ecosystems. The mathematics of input-output flow analysis is presented from an ecological perspective, culminating in two core capabilities: tracing of flows with environs (investigated in this article) and characterizing system behavior with flow metrics (presented in the second article). We assert that environ analysis is an effective means for tracing flows through industrial systems while fully considering direct and indirect flow paths. We explore material flows of aluminum and five other metals in depth using environ analysis in this article.',	'pending',	'http://doi.wiley.com/10.1162/1088198041269346',	'<li>ecological modeling;</li><li>flow modeling;</li><li>flow tracing;</li><li>input&#x2010;output analysis (I&#x2010;OA);</li><li>materials flow analysis (MFA);</li><li>substance flow analysis (SFA)</li>',	1,	'active'),
(115,	'Materials Flow Analysis of the Italian Economy',	' Ottilia de Marco',	'4',	'2',	' 55&ndash;70',	15,	'2000',	'10.1162/108819800569807',	'<p>This article analyzes the mass of the materials that flowed through the Italian economy during 1994 and compares the results with a similar analysis of Germany, Japan, the Netherlands, and the United States published by a collaboration headed by the World Resources Institute. In order to perform this comparison, we have evaluated the mass of the materials produced within the country and the mass of the imported materials and commodities. For the domestic production, imports and exports, we have also evaluated the mass of the materials that accompany&mdash;as &ldquo;hidden flows&rdquo;&mdash;each physical flow.</p><p>Our analysis indicates that, in 1994, Italy experienced total material requirements (TMR) of 1,609 million metric tons (Mt), of which 727 Mt was used as direct material input (DMI). A comparison with other developed countries shows that the TMR and DMI flows, measured in mass per person and in mass per GDP unit, are, in Italy, lower than the corresponding figures evaluated for the United States, Germany, and the Netherlands. An interpretation of these results is presented. The analysis may give information useful for environmental considerations, although the limits of such an approach are made clear.</p>                                   ',	'pending',	'http://doi.wiley.com/10.1162/108819800569807',	'<li>bulk&#x2010;materials flow analysis (MFA);</li><li>direct material input (DMI);</li><li>hidden material flow (HF);</li><li>materials efficiency;</li><li>resource flows;</li><li>total material requirement (TMR)</li>',	1,	'active'),
(119,	'Nitrogen food-print: N use and N cascade from livestock systems in relation to pork, beef and milk supply to Paris',	'Chatzimpiros, P and Barles, S',	'9',	'',	'1971--2004',	0,	'2012',	'doi:10.5194/bgd-9-1971-2012',	'A bottom-up approach is constructed to determine N losses from livestock farming sys-\r\ntems and to relate these losses to the supply of fresh milk, pig and beef to Paris. First,\r\nthe three products are expressed in terms of their nitrogen content; then, their fodder\r\nequivalent is determined by modelling feed formulas for swine, beef and dairy cows\r\nto meet their energy and protein requirements. Fodder deficits in livestock farms are\r\ndetermined by comparing the nutrient requirements of the livestock with the fodder pro-\r\nduction on the livestock farms. This allowed determining the geography of the livestock\r\nsystems according to the imports of fodder to the livestock farms from external crop\r\nfarms. Then we assessed the farm-gate N budgets in all crop and livestock farms of\r\nthe entire livestock systems using data on total N fertilization, atmospheric deposition\r\nand manure management practices to finally derive N losses in relation to fodder cul-\r\ntivation and to manure management. Measured in N, the supply of milk, beef and pig\r\nto Paris sum 1.85 kg N/cap and the corresponding N losses from the farming systems\r\ntotal 8.9 kg N/cap. N losses per unit of product differ among the three livestock systems\r\naccording to where and how the fodder is grown and to what densities the livestock is\r\nreared.',	'pending',	'',	'',	2,	'active'),
(120,	'Measuring water use in a green economy',	'UNEP',	'0',	'',	'',	0,	'2012',	'978-92-807-3220-7',	'Humanitys key challenge over the coming\r\ndecades will be to meet the energy, land, water\r\nand material needs of up to 9 billion people,\r\nwhile keeping climate change, biodiversity loss\r\nand health threats within acceptable limits.\r\nCountries are already facing common but\r\ndifferentiated challenges requiring a range\r\nof solutions specific to each situation. A key\r\nfactor in determining which solution is most\r\nappropriate will be the availability of data and\r\ninformation on how much water is available\r\nand how it is being used, and the frameworks\r\nfor assessing the distributional needs of each\r\nsociety.\r\nThe International Resource Panel (IRP)\r\nconsiders that achieving sustainable patterns\r\nof consumption and production equitably\r\nwhile maintaining the integrity of the natural\r\nenvironment requires the decoupling of\r\neconomic growth from resource use and\r\nenvironmental degradation. The two main\r\nobjectives of the panel are:\r\n	 to contribute to a better understanding of\r\n    how to decouple economic growth from\r\n   environmental degradation;\r\n	 to provide independent, coherent and\r\n    authoritative scientific assessments of\r\n   policy relevance on the sustainable use of\r\n  resources and their environmental impacts\r\n over the full life cycle.\r\nThe IRP Working Group on Integrated\r\nSustainable Water Management is examining\r\nways of achieving decoupling through improved\r\nwater productivity, for example in the harvesting,\r\nuse and reuse of water, and of defining a\r\nmeasurement framework for achieving efficient,\r\neffective and equitable water use. This first\r\nworking-group report covers the analytical\r\nmethods and policy frameworks needed to\r\nensure that water use can be properly quantified\r\nover the life cycle and integrated into decoupling\r\nmeasures within the green economy. Following\r\nthis report, and using the conceptual and\r\nmethodological analysis set out in it, the IRP\r\nwill publish two further assessments  an\r\noverview of the scope of the water management\r\nproblem around the world and an analysis of\r\nthe economic and social elements of water\r\nproductivity and efficiency together with aspects\r\nof governance and institutional arrangements.\r\nThis modular approach aims to provide a\r\ncomprehensive overview of the policy options\r\navailable to implement sustainable water\r\nmanagement in a green economy in a way that\r\nrecognises water as vital natural capital while\r\nat the same time developing a healthy and\r\nproductive water sector within an economy that\r\ncares for and enables social equity.\r\nThe conceptual and\r\nmethodological analysis\r\nAs water availability is not only highly\r\ndependent on the global hydrological cycle but\r\nalso on local and regional water management\r\nregimes, much data and information need to\r\nbe brought together. Accounting is seen as a\r\ncrucial tool for the purpose of overall water\r\nmanagement and the generation of economic\r\nassessments, alongside GDP growth and other\r\neconomy-wide indicators such as greenhouse\r\ngas emissions. There is a need to address\r\necosystem services within such resource\r\naccounting schemes, to enable the links to be\r\nmade between resource efficiency, biodiversity\r\nand ecosystem services and hence the\r\nconnection to the social values of water.\r\nAn important trend that emerges is a significant\r\nand growing interest from the corporate world\r\nin taking water resources into account when\r\nconsidering future business. For public bodies\r\ninvolved in determining water balances, there\r\nis a need not only to produce quantitative\r\nestimates of stocks and flows but also to assess\r\nthe impact of fluctuations and uncertainties\r\ncoming from the global hydrological cycle on\r\nwater abstraction licenses and access rights\r\nand on the quality of water.\r\nOne of the key features determining the\r\nbalance between water demands and\r\navailability is the emerging view of how best\r\nto take the water needed to sustain the\r\nmany different types of ecosystem services\r\ninto account. One important conclusion\r\nis that there is a common need across all\r\nmethodologies and approaches for data and\r\ninformation at the river basin scale.\r\nA comprehensive examination of the various\r\nmethodologies for quantifying water use\r\nand environmental impacts, their underlying\r\nassumptions and the context in which they\r\ncan be effectively used, forms the core of this\r\nreport. It considers water registers, water and\r\necosystem capital accounting, water scarcity\r\nand vulnerability indices, water footprint\r\nassessment and life-cycle assessment.\r\nConclusions from this, and associated case\r\nstudies, are that:\r\n	 water registers provide a key to the fair\r\n    distribution of access to water;\r\n	 accounting can provide governments with\r\n    knowledge of how water, as one part of the\r\n   natural capital of ecosystems, is linked to\r\n  the economy and human well-being;\r\n	 water footprint assessment can\r\n    provide a tool for awareness raising to\r\n   highlight water issues in production and\r\n  consumption, especially in areas such as\r\n agriculture and food industries;\r\n	 life cycle assessment and the various\r\n    standards associated with it can provide\r\n   benchmarking for industries; and\r\n	 water stewardship can help improve\r\n    quantification in corporate water\r\n   monitoring.\r\nIt is also clear that, while there are differences\r\nbetween the various methods, there is a\r\nsufficiently robust set of tools and methods\r\ncurrently available to be able to include water in\r\nall major economic and social considerations.\r\nThe report concludes that there is an absolute\r\nneed to asses water-resource use and\r\nmanagement against ecosystem resilience and\r\nthe limits of sustainability when developing\r\npolicy options in order to balance the competing\r\nneeds of water users.\r\nIt recommends that the environments water\r\nneeds should be treated as a vital priority in\r\norder to ensure the steady supply of the basic\r\nregulatory ecosystem services that underpin\r\nthe delivery of social and economically-valuable\r\nprovisioning services. In essence, water\r\necosystems must function properly and make\r\nclean and sufficient water available to ensure\r\nfood production  crops, husbandry and fish,\r\ndrinking water supply, energy and cultural\r\nvalues.\r\nEffective and targeted assessments depend\r\non open data access and optimal data\r\navailability to function in a transparent and\r\nequitable dialogue of relevant stakeholders.\r\nThe methodologies applied for the assessment\r\nof resource use and allocation as well as for\r\nthe assessment and tracking of pollution\r\nloads need to be transparent and comparable\r\nbetween regions up and downstream of the\r\nconnecting water bodies and scalable between\r\nthe local and regional or pan-regional scales.\r\nFurther efforts are needed to provide this\r\ncomparability and the link between different\r\nscales, as shown by the differences between\r\nthe accounting methodologies, life-cycle and\r\nfootprint assessments.',	'pending',	'',	'',	3,	'active'),
(121,	'Recycling rates of metals: A status report',	'Graedel, TE and Allwood, Julian and Birat, Jean-Pierre and Buchert, Matthias and Hagelken, Christian and Reck, Barbara K and Sibley, Scott F and Sonnemann, Guido',	'0',	'',	'',	0,	'2011',	'978-92-807-3161-3',	'The recycling of metals is widely viewed as a\r\nfruitful sustainability strategy, but little\r\ninformation is available on the degree to\r\nwhich recycling is actually taking place. This\r\nreport provides an overview on the current\r\nknowledge of recycling rates for sixty metals.\r\nWe propose various recycling metrics,\r\ndiscuss relevant aspects of the recycling of\r\ndifferent metals, and present current esti-\r\nmates on global end-of-life recycling rates\r\n(EOL-RR) [i. e., the percentage of a metal in\r\ndiscards that is actually recycled], recycled\r\ncontent (RC), and old scrap ratios (OSR) [i. e.,\r\nthe share of old scrap in the total scrap flow].\r\nBecause of increases in metal use over time\r\nand long metal in-use lifetimes, many RC\r\nvalues are low and will remain so for the\r\nforeseeable future. Because of relatively low\r\nefficiencies in the collection and processing of\r\nmost metal-bearing discarded products,\r\ninherent limitations in recycling processes,\r\nand because primary material is often\r\nrelatively abundant and low-cost (thereby\r\nkeeping down the price of scrap), many\r\nEOL-RRs are very low: for only eighteen\r\nmetals (aluminium, cobalt, chromium,\r\ncopper, gold, iron, lead, manganese, niobium,\r\nnickel, palladium, platinum, rhenium, rho-\r\ndium, silver, tin, titanium, and zinc) is the very\r\nimportant EOL-RR above 50 % at present.\r\nOnly for niobium, lead, and ruthenium is the\r\nRC above 50 %, although sixteen metals are in\r\nthe 25  50 % range. Thirteen metals have an\r\nOSR > 50 %. These estimates may be used to\r\nassess whether recycling efficiencies can be\r\nimproved, which metric could best encourage\r\nimproved effectiveness in recycling and to\r\nprovide an improved understanding of the\r\ndependence of recycling on economics,\r\ntechnology, and other factors. \r\n',	'pending',	'',	'',	3,	'active'),
(123,	'Metal Stocks in Society: Scientific Synthesis',	'Graedel, TE',	'0',	'',	'',	0,	'2010',	'978-92-807-3082-1',	'The continued increase in the use of metals\r\nover the twentieth century has led to a sub-\r\nstantial shift from geological resource base\r\nto metal stocks in society. Such a shift raises\r\nsocial, economic, and environmental issues\r\nthat require quantifying the amount of stock\r\nof metal capital utilized by society. This\r\nreport reviews the relevant literature on this\r\ntopic. From a compilation of 54 studies, it is\r\nclear that a reasonably detailed picture of in-\r\nuse stocks and in-use lifetimes exists for only\r\nfive metals: aluminium, copper, iron, lead,\r\nand zinc, and in only two cases have spatial\r\nstock allocations been performed. Limited\r\ndata suggest that per capita in-use stocks in\r\nmore-developed countries typically exceed\r\nthose in less-developed countries by factors\r\nof five to ten. Sparse but potentially useful\r\nin-use stock information exists for nineteen\r\nother metals. There is a little information\r\non stocks in government repositories, and\r\nessentially none on stocks in hibernation,\r\nin tailings repositories, in industrial stock-\r\npiles, or in landfills, nor on typical in-use life-\r\ntimes for almost the entire periodic table of\r\nthe elements. Outflows from in-use stocks,\r\npotentially useful for determining future rates\r\nof reuse, can currently be reliably estimated\r\nonly for aluminium, copper, iron, and lead.\r\nThis is the first of six reports on the stocks\r\nand flows of metals, the last of which will\r\ndraw upon the first five to address criticality\r\nand policy options related to the sustainabil-\r\nity of metals.',	'pending',	'',	'',	3,	'active'),
(124,	'Assessing the environmental impacts of consumption and production: priority products and materials',	'UNEP',	'0',	'',	'',	0,	'2010',	'978-92-807-3084-5',	'he objectives of the UNEP International\r\nPanel\r\nfor\r\nSustainable\r\nResource\r\nManagement (Resource Panel) are to:\r\n	 provide independent, coherent and\r\nauthoritative scientific assessments of\r\npolicy relevance on the sustainable use of\r\nnatural resources and in particular their\r\nenvironmental impacts over the full life\r\ncycle;\r\n	 contribute to a better understanding of\r\nhow to decouple economic growth from\r\nenvironmental degradation.\r\nAll economic activity occurs in the natural,\r\nphysical world. It requires resources such\r\nas energy, materials and land. In addition,\r\neconomic activity invariably generates\r\nmaterial residuals, which enter the\r\nenvironment as waste or polluting emissions.\r\nThe Earth, being a finite planet, has a limited\r\ncapability to supply resources and to absorb\r\npollution. A fundamental question the\r\nResource Panel hence has to answer is how\r\ndifferent economic activities influence the\r\nuse of natural resources and the generation\r\nof pollution.\r\nThis report answers this fundamental question\r\nin two main steps. First, as a preliminary\r\nstep we need to review work that assesses\r\nthe importance of observed pressures and\r\nimpacts on the Earths Natural system (usually\r\ndivided into ecological health, human health,\r\nand resources provision capability). Second,\r\nthe report needs to investigate the causation\r\nof these pressures by different economic\r\nactivities  which can be done via three main\r\nperspectives:\r\n\r\n1.	 An industrial production perspective:\r\nWhich production processes contribute\r\nmost to pressures and impacts? This\r\nperspective is relevant for informing\r\nproducers and sustainability policies\r\nfocusing on production.\r\n2.	 A final consumption perspective: Which\r\nproducts and consumption categories\r\nhave the greatest impacts across their\r\nlife cycle? This perspective is relevant for\r\ninforming consumers and sustainability\r\npolicies focusing on products and\r\nconsumption.\r\n3.	 A material use perspective: Which\r\nmaterials have the greatest impacts\r\nacross their life cycle? This perspective\r\nis relevant for material choices and\r\nsustainability policies focusing on\r\nmaterials and resources.\r\n\r\nThe assessment was based on a broad review\r\nand comparison of existing studies and\r\nliterature analyzing impacts of production,\r\nconsumption, or resource use of countries,\r\ncountry groups, or the world as a whole. For\r\nthis report no primary research was done.',	'pending',	'',	'',	3,	'active'),
(126,	'The Austrian P budget as a basis for resource optimization',	'Egle, L and Zoboli, O and Thaler, S and Rechberger, H and Zessner, M',	'0',	'',	'',	0,	'2013',	'10.1016/j.resconrec.2013.09.009',	'Phosphorus (P) is a finite and non-substitutable resource that is essential to sustaining high levels of agri-\r\ncultural productivity but is also responsible for environmental problems, e.g., eutrophication. Based on\r\nthe methodology of Material Flow Analysis, this study attempts to quantify all relevant flows and stocks\r\nof phosphorus (P) in Austria, with a special focus on waste and wastewater management. The system is\r\nmodeled with the software STAN, which considers data uncertainty and applies data reconciliation and\r\nerror propagation. The main novelty of this work lies in the high level of detail at which flows and stocks\r\nhave been quantified to achieve a deeper understanding of the system and to provide a sound basis for\r\nthe evaluation of various management options. The budget confirms on the one hand the dependence of\r\nmineral P fertilizer application (2 kg cap 1 yr 1 ), but it highlights on the other hand considerable unex-\r\nploited potential for improvement. For example, municipal sewage sludge (0.75 kg cap 1 yr 1 ) and meat\r\nand bone meal (0.65 kg cap 1 yr 1 ) could potentially substitute 70% of the total applied mineral P fertil-\r\nizers. However, recycling rates are low for several P flows (e.g., 27% of municipal sewage sludge; 3% of\r\nmeat and bone meal). Therefore, Austria is building up a remarkable P stock (2.1 kg P cap 1 yr 1 ), mainly\r\ndue to accumulation in landfills (1.1 kg P cap 1 yr 1 ) and agricultural soils (0.48 kg P cap 1 yr 1 ).',	'pending',	'',	'',	4,	'active'),
(127,	'Materials use across world regions',	'Weisz, Helga and Schandl, Heinz',	'12',	'',	'629--636',	0,	'2008',	'',	'In our understanding, important areas for future\r\nscientific investigation are:\r\n\r\nImproving the understanding of resource\r\nuse governance for integrated economic-\r\nenvironmental policies at different scales.\r\n\r\nImproving our understanding of the func-\r\ntional linkages and trade-offs between ma-\r\nterial, energy, water, and land use.\r\n\r\nLinking these dimensions of the societal\r\nmetabolism to economic models in order\r\nto be able to run socio-metabolic scenarios\r\nfor the future.\r\n\r\nStrengthening and harmonizing metabolic\r\nanalysis and models beyond the national\r\nscale. An urban metabolic perspective is\r\nespecially important here.\r\n8\r\nToday almost\r\n50% of the world population is urban\r\n(United Nations 2008), while 70% of the\r\nworlds energy is consumed in urban areas\r\n(Global Energy Assessment 2008). Accord-\r\ning to UN projections, the urban popu-\r\nlation will continue to rise, while the ru-\r\nral population will stagnate in the medium\r\nterm. This means the metabolic future of\r\nour planet will be determined by the urban\r\nmetabolism.\r\n\r\nUnderstanding the stocks and flows dynam-\r\nics of the material system, at different scales\r\nand for different materials. Most important\r\nhere is to investigate and quantify the role\r\nof infrastructures and urban form in deter-\r\nminingfuturemetabolicflowsandthelimits\r\nto substitution.\r\n\r\nAgreeing on a harmonized approach for\r\nassessing dematerialization. Because inter-\r\nnational trade has been the most rapidly\r\ngrowing component of resource use, de-\r\nmaterialization measures need to incorpo-\r\nrate indirect (embodied) flows\r\nto capture\r\nthe primary resources and emissions arising\r\nfrom a countrys consumption pattern.\r\n\r\nFocusing on strategic materials and their\r\nsupply-demand chains as well as their re-\r\ngional economic, social and environmental\r\nimpacts.',	'pending',	'',	'',	1,	'active'),
(128,	'Reshaping Urban Infrastructure',	'Hodson, Mike and Marvin, Simon and Robinson, Blake and Swilling, Mark',	'16',	'',	'789--800',	0,	'2012',	'10.1111/j.1530-9290.2012.00559.x',	'This article reviews the scope of the discipline of industrial ecology and, in the context of\r\nan urgent requirement for substantial and rapid change in the face of global sustainability\r\nchallenges, argues that the discipline could embrace a more proactive, interventionist stance\r\nin the form of renewable eco-industrial development. Existing eco-industrialism is presented\r\nas flawed, with many cases premised on the use of nonrenewable resources. Renewable\r\neco-industrial development, while still nascent, has the potential both to resolve some\r\nsustainability challenges and to offer a new area of endeavor for industrial ecology, albeit\r\none with its own unique difficulties, such as conflict with food production. Renewable ecoindustrial development is further argued to bring industrial ecology into a more socially\r\ncritical stance as it concerns the future allocation of scarce resources.\r\n',	'pending',	'',	'biomaterials\r\nbiorefinery\r\nindustrial symbiosis\r\nKalundborg\r\nrenewable resource\r\nsugarcane ethanol\r\n',	1,	'active'),
(129,	'A global typology of cities : classification tree analysis of urban resource consumption',	'Saldivar-Sali, Artessa Niccola D',	'0',	'',	'',	0,	'2010',	'',	'A study was carried out to develop a typology of urban metabolic (or resource consumption) profiles for 155 globally representative cities. Classification tree analysis was used to develop a model for determining how certain predictor (or independent) variables are related to levels of resource consumption. These predictor variables are: climate, city GDP, population, and population density. Classification trees and their corresponding decision rules were produced for the following major categories of material and energy resources: Total Energy, Electricity, Fossil fuels, Industrial Minerals & Ores, Construction Minerals, Biomass, Water, and Total Domestic Material Consumption. A tree was also generated for carbon dioxide emissions. Data at the city level was insufficient to include municipal solid waste generation in the analysis. Beyond just providing insight into the effects of the predictor variables on the consumption of different types of resources, the classification trees can also be used to predict consumption levels for cities that were not used in the model training data set. Urban metabolic profiles were also developed for each of the 155 cities, resulting in 15 metabolic types containing cities with identical or almost identical levels of consumption for all of the 8 resources and identical levels of carbon dioxide emissions. The important drivers of the differences in profile for each type include the dominant industries in the cities, as well as the presence of abundant natural resources in the countries in which the cities are the main economic centers.\r\n',	'pending',	'',	'',	6,	'active'),
(130,	'Energy and material flow through the urban ecosystem',	'Decker, Ethan H and Elliott, Scott and Smith, Felisa A and Blake, Donald R and Sherwood Rowland, F',	'25',	'',	'685-740',	0,	'2000',	'10.1146/annurev.energy.25.1.685',	'This paper reviews the available data and models on energy and mate-\r\nrial flows through the worlds 25 largest cities. Throughput is categorized as stored,\r\ntransformed, or passive for the major flow modes. The aggregate, fuel, food, water,\r\nand air cycles are all examined. Emphasis is placed on atmospheric pathways because\r\nthe data are abundant. Relevant models of urban energy and material flows, demogra-\r\nphy, and atmospheric chemistry are discussed. Earth systemlevel loops from cities to\r\nneighboring ecosystems are identified. Megacities are somewhat independent of their\r\nimmediate environment for food, fuel, and aggregate inputs, but all are constrained\r\nby their regional environment for supplying water and absorbing wastes. We elaborate\r\non analogies with biological metabolism and ecosystem succession as useful concep-\r\ntual frameworks for addressing urban ecological problems. We conclude that whereas\r\ndata are numerous for some individual cities, cross-cutting compilations are lacking\r\nin biogeochemical analysis and modeling. Synthesis of the existing information will\r\nbe a crucial first step. Cross-cutting field research and integrated, multidisciplinary\r\nsimulations will be necessary.',	'pending',	'',	'megacity biogeochemistry, city succession, industrial metabolism, air\r\npollution, system simulations',	7,	'active'),
(131,	'The study of urban metabolism and its applications to urban planning and design',	'Kennedy, C and Pincetl, S and Bunje, P',	'159',	'',	'1965--1973',	0,	'2011',	'10.1016/j.envpol.2010.10.022',	'Following formative work in the 1970s, disappearance in the 1980s, and reemergence in the 1990s,\r\na chronological review shows that the past decade has witnessed increasing interest in the study of\r\nurban metabolism. The review finds that there are two related, non-conflicting, schools of urban\r\n   metabolism: one following Odum describes metabolism in terms of energy equivalents; while the second\r\n  more broadly expresses a citys flows of water, materials and nutrients in terms of mass fluxes. Four\r\n       example applications of urban metabolism studies are discussed: urban sustainability indicators; inputs\r\n      to urban greenhouse gas emissions calculation; mathematical models of urban metabolism for policy\r\n     analysis; and as a basis for sustainable urban design. Future directions include fuller integration of social,\r\n    health and economic indicators into the urban metabolism framework, while tackling the great\r\n   sustainability challenge of reconstructing cities.\r\n',	'pending',	'',	'Cities\r\nEnergy\r\nMaterials\r\nWaste\r\nUrban planning\r\nUrban design\r\nGreenhouse gas emissions\r\nSustainability indicators',	8,	'active'),
(132,	'Interdisciplinary Perspectives on Urban Metabolism',	'Castn Broto, V and Allen, AE and Rapoport, E',	'16',	'',	'',	0,	'2012',	'10.1111/j.1530-9290.2012.00556.x',	'The concept of urban metabolism, referring to the exchange processes that produce the\r\nurban environment, has inspired new ways of thinking about how cities can be made sustainable and has also raised criticisms about the specific social and economic arrangements\r\nin which some forms of flow are prioritized or marginalized within the city. This article explores how the concept of urban metabolism travels across disciplines, using a comparative\r\nanalysis of different approaches to urban metabolism within industrial ecology, urban ecology, ecological economics, political economy and political ecology. The analysis reveals six\r\nmain themes emerging within interdisciplinary boundaries in relation to urban metabolism,\r\nand how this concept enables new understandings of (1) the city as an ecosystem, (2)\r\nmaterial and energy flows within the city, (3) economicmaterial relations within the city,\r\n(4) economic drivers of ruralurban relationships, (5) the reproduction of urban inequality,\r\nand (6) attempts at resignifying the city through new visions of socioecological relationships.\r\nThe article suggests potential areas for cross-disciplinary synergies around the concept of\r\nurban metabolism and opens up avenues for industrial ecology to engage with the politics\r\nand the governance of urban development by examining the city and its metabolism.\r\n',	'pending',	'',	'industrial ecology\r\npolitical economy\r\nsocial ecology\r\nurban ecology\r\nurban metabolism\r\nurban planning\r\n',	1,	'active'),
(133,	'City-Level Decoupling: Urban resource flows and the governance of infrastructure transitions',	'UNEP',	'0',	'',	'',	0,	'2013',	'978-92-807-3298-6',	'Building upon previous work of the International Resource Panel on Decoupling Natural Resource Use and Environmental Impacts from Economic Growth, this report examines the potential for decoupling at the city level. While the majority of the worlds population now live in cities and cities are where most resource consumption takes place, both the pressures and potentials to find ways to reconcile economic growth, wellbeing and the sustainable use of natural resources will therefore be greatest in cities. \r\n\r\nAnalysing the role of cities as spatial nodes where the major resource flows connect as goods, services and wastes, the report s focus is how infrastructure directs material flows and therefore resource use, productivity and efficiency in an urban context. It makes the case for examining cities from a material flow perspective, while also placing the city within the broader system of flows that make it possible for it to function. \r\n\r\nThe report also highlights the way that the design, construction and operation of energy, waste, water, sanitation and transport infrastructures create a socio-technical environment that shapes the way of life of citizens and how they procure, use and dispose of the resources they require. Its approach is innovative in that it frames infrastructure networks as socio-technical systems, examining pressures for change within cities that go beyond technical considerations.  The importance of intermediaries as the dominant agents for change is emphasized, as well as the fact that social processes and dynamics need to be understood and integrated into any assessment of urban infrastructure interventions and the reconfiguration of resource flows. \r\n\r\nA set of 30 case studies provide examples of innovative approaches to sustainable infrastructure change across a broad range of urban contexts that could inspire leaders of other cities to embrace similar creative solutions. Of course, innovations in and of themselves do not suffice if they are not integrated into larger strategic visions for the city, and as each city is unique, interventions need to be tailored to the set of challenges and opportunities present in each case.',	'pending',	'',	'',	3,	'active'),
(134,	'Evaluation of urban metabolism based on emergy synthesis: A case study for Beijing (China)',	'Zhang, Yan and Yang, Zhifeng and Yu, Xiangyi',	'220',	'',	'1690--1696',	0,	'2009',	'http://dx.doi.org.ezproxy.uct.ac.za/10.1016/j.ecolmodel.2009.04.002',	'Cities (urban superorganisms) exhibit metabolic processes. Disturbance of these processes results from the high throughput of the socioeconomic system as a result of the flow of resources between it and its surroundings. Based on systematic ecology and emergy synthesis, we developed an emergy-based indicator system for evaluating urban metabolic factors (flux, structures, intensity, efficiency, and density), and evaluated the status of Beijing\'s environment and economic development by diagramming, accounting for, and analyzing the material, energy, and monetary flows within Beijing\'s metabolic system using biophysically based ecological accounting. We also compared the results with those of four other Chinese cities (Shanghai, Guangzhou, Ningbo, and Baotou) and China as a whole to assess Beijing\'s development status. From 1990 to 2004, Beijing\'s metabolic flux, metabolic intensity, and metabolic density increased significantly. The city\'s metabolic processes depend excessively on nonrenewable resources, but the pressure on resources from outside of the city decreased continuously. The metabolic efficiency increased by around 12% annually throughout the study period. Beijing had a highest metabolic fluxes and density compared with the four other cities; its metabolic efficiency was lower, and its metabolic intensity was higher. Evaluating these metabolic indicators revealed weaknesses in the urban metabolic system, thereby helping planners to identify measures capable of sustaining these urban metabolic processes.\r\n',	'pending',	'',	'Emergy synthesis; Urban metabolism; Flux and structures; Intensity and efficiency; Density\r\n',	9,	'active'),
(135,	'Comparison of energy flow accounting, energy flow metabolism ratio analysis and ecological footprinting as tools for measuring urban sustainability: A case-study of an Irish city-region',	'Browne, David and O&#039;Regan, Bernadette and Moles, Richard',	'83',	'',	'97--107',	0,	'2012',	'10.1016/j.ecolecon.2012.08.006',	'This paper seeks to apply a number of biophysical sustainability metrics to an Irish city-region in order to evaluate the effect of methodological pluralism when measuring urban sustainability and to determine the outcome of using more than one method when measuring the sustainability of the same system boundary at a city-region level. It is concluded that a toolkit approach can be useful in highlighting commonalities and differences between different metrics as well as capturing some of the deficiencies inherent in using a single biophysical metric. In addition, this paper develops an approach to measuring energy metabolism by outlining and applying the energy flow metabolism ratio analysis methodology, which is used to measure the ratio of greenhouse gas (GHG) emissions as a function of energy material inputs.\r\n',	'pending',	'',	'Methodological pluralism; Urban sustainability indicators; Energy flow accounting; Energy metabolism; Ecological footprint analysis\r\n',	10,	'active'),
(136,	'The metabolism of a city: the case of Hong Kong',	'Newcombe, Ken and Kalma, Jetse D and Aston, Alan R',	'0',	'',	'3--15',	0,	'1978',	'',	'Demographic trends suggest that up to 5000 new cities of half a million in population each may be required between 1975 and 2000. In order to examine the implications of this for demands on resources, a detailed assessment has been made of the patterns of flow and the end-use of energy and of some selected materials in the city-state of Hong Kong. This assessment is used as a basis for extrapolating the future resource requirements of other urban development along similar lines. The calculations indicate that the capital and recurrent energy costs of the predicted urbanization would amount to more than five times the 1973 world consumption of energy.\r\n',	'pending',	'',	'',	11,	'active'),
(137,	'Abel Wolman\'s \'the metabolism of cities\' revisited: a case for water recycling and reuse',	'Hermanowicz, Slawomir W and Asano, Takashi',	'40',	'',	'29--36',	0,	'1999',	'',	'',	'pending',	'',	'',	12,	'active'),
(138,	'The metabolism of cities',	'Wolman, A',	'213',	'',	'179--190',	0,	'1965',	'',	'',	'pending',	'',	'',	13,	'active'),
(139,	'An expanded urban metabolism method: Toward a systems approach for assessing urban energy processes and causes',	'Pincetl, Stephanie and Bunje, Paul and Holmes, Tisha',	'0',	'',	'',	0,	'2012',	'10.1016/j.landurbplan.2012.06.006',	'The integrated study of energy and urban systems has recently become a critical component of sustainability research and policy. Increasing urbanization of human societies combined with intense energy demands of modern economies have driven a recognition that sustainable practices require a systems approach to both the study and application of sustainability principles. Urban metabolism has emerged as a leading methodology for quantifying energy consumption and use patterns in urban environments. Though typically applied as a method of accounting for total energy and materials inputs and outputs into cities, its interdisciplinary history and methods allow urban metabolism to be expanded in ways that will allow more comprehensive and integrated assessment of the patterns and processes of urban energy systems. In this article, we review the concept of urban metabolismincluding its two typical approaches: mass balance and emergy methodsand offer a means to expand urban metabolism into a platform that incorporates socioeconomic analysis, policy analysis, and additional quantitative methodologies (such as life cycle assessment). This expanded urban metabolism framework is more comprehensive analytically and builds upon the documented capacity of traditional urban metabolism to account for total energy and materials flows of cities to provide an integrated platform for analysis of both energy patterns and the causal processes that govern energy in contemporary cities.\r\n',	'pending',	'',	'',	14,	'active'),
(140,	'Developing the urban metabolism approach into a new urban metabolic model',	'Costa, A and Marchettini, N and Facchini, A',	'0',	'',	'31--40',	0,	'2004',	'10.2495/SC040041',	'Considering the city as a peculiar kind of ecosystem, this paper explores the potential of a metabolic approach to urban development interpretation, proposing an enhanced metabolic urban model.\r\n\r\nThis new metabolic model strongly focuses on the influence that institutional activities have on urban sustainability.\r\n\r\nSuch activities  like planning and other decisional processes - are considered as an important feedback of urban dynamics.\r\n\r\nThis last updating aims at connecting the conceptual modelling to urban governance.\r\n1 Introduction:\r\nUrban settlements have recently become the most popular choice of life for human kind.\r\n\r\nMore than 50% of the world population already lives in cities [6] and this figure rises to 80% if referred to the European continent [2]. In environmental terms,...\r\n',	'pending',	'',	'',	15,	'active'),
(141,	'Society, energy and materials: the contribution of urban metabolism studies to sustainable urban development issues',	'Barles, Sabine',	'53',	'',	'439--455',	0,	'2010',	'10.1080/09640561003703772',	'Urban areas, in particular cities, are significant consumers of materials and energy, either directly on their land areas or indirectly through the materials, goods and services they import or export; there are upstream and downstream consequences of the removal of resources and the discharge of waste materials (to the atmosphere, water and soils), with multiple impacts on the biosphere. The processes involved need to be better characterised to reduce these environmental pressures. This is a sustainable development issue and it is a major goal of a field ecology which has been described as urban, industrial or sometimes territorial. This paper reviews the specific origins and findings of studies on urban metabolism. It describes the analysis tools used, including material and substance flows, energy balances, ecological, water and, more generally, environmental footprints. Finally, recent findings and areas for future research in the dematerialisation of urban societies are summarised.\r\n',	'pending',	'',	'',	16,	'active'),
(142,	'Cambio Climtico y el Metabolismo Urbano de las Megaurbes Latinoamericanas',	'Delgado, Gian Carlo and Campos Chvez, Cristina and Rentera Jurez, Patricia',	'2',	'',	'2--25',	0,	'2012',	'',	'Todays climate and environmental pr\r\noblems represent an increasing\r\nchallenge for cities, especially for those\r\nthat are experiencing\r\na rapid\r\nurban expansion and population growth. It is proposed that current\r\nclimate and environmental conditions are better understood from a\r\nmetabolic assessmen\r\nt of inflows and outflows of energy and material.\r\nThis type of evaluation has been carried out\r\nfor\r\ndifferent cities and for \r\ndiverse\r\nmetabolic aspects, but it has been mostly absent in Latin\r\nAmerica. This article starts with a general presentation of the cu\r\nrrent\r\nstate and challenges for Latin American cities. It then introduces the\r\nmain aspects of urban metabolism analysis and offers an initial\r\ncomprehensive comparative estimate of inflows and outflows of Latin\r\nAmerican megacities: Mexico City, Sao Paulo,\r\nRi\r\no de Janeiro and\r\nBuenos Aires.\r\nSome of the main characteristics of climate change\r\nplans are then discussed and a brief comparative analysis between\r\nmitigation actions and existing metabolic dynamics is presented. The\r\npaper concludes with some consideration\r\ns and suggestions for the\r\nurban future and the plausible forthcoming challenges and\r\nopportunities.',	'pending',	'',	'',	17,	'active'),
(143,	'Is there a metabolism of an urban ecosystem? An ecological critique',	'Golubiewski, Nancy',	'41',	'',	'751--764',	0,	'2012',	'10.1007/s13280-011-0232-7',	'\r\nThe energy and material flows of a city are often described as urban metabolism (UM), which is put forward as a way to link a citys ecology and economy. UM draws parallels to the biology of individual organisms, yet the analogy is misapplied. In striving to be interdisciplinary, UM makes this organismic comparison rather than identifying the city as an ecosystem, thereby ignoring developments in ecological theory. Using inappropriate rhetoric misdirects researchers, which influences scientific investigationfrom problem statements to interpretations. UM is valuable in quantifying the citys use of natural resources but does not achieve a comprehensive, integrated analysis of the urban ecosystem. To realize an interdisciplinary, perhaps transdisciplinary, understanding of urban ecology, researchers need to emphasize the essential tenets of material flows analysis, view the city as an ecosystem, and use language that properly reflects current knowledge, theory, and conceptual frameworks in the foundational disciplines.\r\n',	'pending',	'',	'',	11,	'active'),
(144,	'Comment on article &#039;Is there a metabolism of an urban ecosystem?&#039; by Golubiewski',	'Kennedy, Christopher',	'0',	'',	'1--2',	0,	'2012',	'10.1007/s13280-012-0314-1',	'',	'pending',	'',	'',	11,	'active'),
(145,	'Carbon Footprinting of Cities and Implications for Analysis of Urban Material and Energy Flows ',	'Anu Ramaswami, Abel Chavez, and Marian Chertow',	'16',	'',	'',	0,	'2012',	'10.1111/j.1530-9290.2012.00569.x',	'As we struggle to get our collective arms around the\r\nconcept of urban sustainability, various ways of understanding material and energy ows associated with cities\r\nhave emerged in the literature. Of course, this is not\r\nnew. Historians have noted that, one hundred years\r\nago New York City was dealing with streets covered\r\nwith horse manure and coal ash. In\r\nEurope, concerns about supplying\r\nmaterials to cities were discussed in\r\nthe early 1900s, and continued (after\r\na hiatus) into the late twentieth\r\ncentury from a new perspective of\r\nenvironmental impact, leading to the\r\ndevelopment of methods for\r\neconomy-wide material ow analysis\r\n(MFA) and their application to cities (Barles 2010). This\r\nmethod, used in many current studies of urban metabolism,\r\nallows for tracking of material inputs, changes in stock, export\r\nof goods, and release of waste and pollution; indirect material\r\nrequirements to support these ows can also be computed.\r\nWhile the MFA methodology also draws on energy analysis\r\nand is considered to be readily adaptable to include energy, in\r\npractice there is wide variation in the inclusion of embodied\r\nenergy components.',	'pending',	'',	'industrial ecology\r\npolitical economy\r\nsocial ecology\r\nurban ecology\r\nurban metabolism\r\nurban planning\r\n',	1,	'active'),
(146,	'Material use in the European Union 1980-2000: indicators and analysis',	'Eurostat',	'0',	'',	'',	0,	'2002',	'92-894-3789-8',	'Since the notion of sustainability began to gain influence in the environmental discourse a decade ago, the\r\nfeatures of this discourse have changed remarkably. The focus moved from the output side of the production\r\nsystem to a complete understanding of the physical dimension of the economy. In this view, the economy\r\nwas conceptualised as an activity, as a process of extracting materials from nature, transforming them,\r\nkeeping them as societys stock for a certain amount of time and, at the end of the production-consumption\r\nchain, disposing of them again in nature. It has been recognised that environmental problems can arise at\r\nevery step in this process. Furthermore, it has been understood that not only problematic substances but\r\nalso problematic amounts of matter set in motion by societys activities result in environmental problems.\r\nThese insights have induced new approaches to environmental accounting, in particular material flow\r\naccounting, which focuses on the physical economy in a comprehensive and integrative manner. Economy-\r\nwide material flow accounts (MFAs) are consistent compilations of the overall material throughput of\r\neconomies. MFAs cover their focal subject completely and allow for extensive and flexible secondary\r\nanalysis as well as for the compilation of aggregate summary indicators.\r\nFor some years now, Eurostat and the Member States have been developing economy-wide material flow\r\naccounts (German Federal Statistical Office 1995, 2000, Schandl at al. 2000, Gerhold et al. 2000,\r\nMuukkonen 2000, Isacsson et al. 2000, DETR/ONS/WI 2001). Two international co-operations on material\r\nflow accounting under the leadership of the World Resources Institute (Adriaanse et al. 1997, Matthews et al.\r\n2000) and the publication in 2001 of Economy-wide material flow accounts and derived indicators - a\r\nmethodological guide (Eurostat 2001b) were major steps towards methodological harmonisation.\r\nThe European Environmental Agency (EEA) published first estimates of aggregate material indicators (TMR\r\nand DMI) for the EU in its indicator report Environmental signals 2000 (EEA 1999). The Wuppertal Institute\r\nproduced a first estimate of aggregate material use in the EU covering the period 1980-1997 for Eurostat\r\nand DG Environment (Eurostat 2001a). The report Environmental signals 2002 - Benchmarking the\r\nmillennium (EEA 2002) includes data on TMR for 1980-1997. An indicator for material consumption is\r\nincluded in the 2001 UN CSD List of Sustainable Development Indicators.\r\nThe objectives of this report are:\r\n(1)\r\nto present the results of the revised and updated 1980-2000 version of the initial 1980-1997 economy-\r\nwide material flow account for the European Union compiled by the Wuppertal Institute (Eurostat\r\n2001a).\r\n(2)\r\n(3)\r\nto take a first step towards identifying factors that explain the differences and changes in material use\r\nat an aggregate as well as detailed level, cross-country and cross-time.\r\nto describe the data sources and procedures applied, and to explain and justify the revisions made.\r\nThe indicators for material use that were compiled include:\r\n\r\nDomestic extraction (DE): all materials (biomass, fossil fuels, minerals) extracted\r\nfor use in a country,\r\n\r\n\r\n\r\nDirect material input (DMI): DE plus imported materials,\r\nDomestic material consumption (DMC): DMI less exported materials\r\nPhysical trade balance (PTB): materials imported less materials exported\r\n(synonymous with net imports or net trade).\r\nThe key goal of this revision and update was to improve data quality and comparability for the indicators\r\nconsidered most important and most developed in terms of data quality and meaningfulness for policy at\r\npresent. These are DMC, DMI, and PTB (see Eurostat 2001b). TMR (Total material requirement), DPO\r\n(domestic processed output), and NAS (net additions to stock) were not compiled for the new estimate.',	'pending',	'',	'',	18,	'active'),
(147,	'Economy-wide material flow accounts and derived indicators: a methodological guide',	'Eurostat',	'0',	'',	'',	0,	'2001',	'92-894-0459-0',	'1.01 This Guide focuses on material flow accounts (MFA) and balances for a whole economy. These\r\neconomy-wide material flow accounts and balances show the amounts of physical inputs into an\r\neconomy, material accumulation in the economy and outputs to other economies or back to nature as\r\nillustrated by Figure 1.\r\n\r\n1.02 Most statistical institutes in Europe have the experience and data needed to compile economy-wide\r\nMFA and balances (see Eurostat 1997). Work at Eurostat includes projects on the policy use of\r\nmaterial flow information, physical input-output tables and economy-wide MFA and balances. Since\r\nthe first economy-wide MFA and balances for Austria (Steurer 1992) and Japan (Environmental\r\nProtection Agency 1992) many researchers and statisticians have used similar approaches. Within the\r\nEU, economy-wide MFA are now available for Denmark, Germany, Italy, the Netherlands, Austria,\r\nFinland, Sweden and the United Kingdom.\r\n1.03 Research has advanced in recent years and standard concepts and formats are evolving. The\r\nEuropean Commission funded ConAccount project (1996-1997) and the international projects leading\r\nto the publication of Resource Flows: the material basis of industrial economies (Adriaanse et al\r\n1997) and The Weight of Nations  material outflows from industrial economies (Matthews et al 2000)\r\nwere important steps towards internationally comparable data based on harmonised approaches.',	'pending',	'',	'',	18,	'active'),
(148,	'A material flow analysis and ecological footprint of York',	'Barrett, John and Vallack, Harry and Jones, Andrew and Haq, Gary',	'0',	'',	'',	0,	'2002',	'',	'Executive Summary\r\n1.\r\nIn November 2001, the Stockholm Environment Institute at York (SEI-Y), based at the University\r\nof York, initiated a study to measure the quantity of food and materials that the residents of York\r\nconsume annually and to determine the resultant ecological footprint - a measure of the City of\r\nYorks impact on the local and global environment. The study was funded by Norwich Union and\r\nwas produced as a contribution to the Energy Saving Trusts Planet York campaign and the City of\r\nYorks Local Agenda 21  Better Quality of Life Strategy.\r\n2.\r\nThis project sets out\r\nto determine the total material requirement of the City of York using a Material\r\nFlow Analysis and then to calculate the Ecological Footprint associated with the consumption of\r\nthese materials. Taken together, these indicators can provide a comprehensive framework for\r\nunderstanding the various pathways that the City could take in order to move towards sustainability\r\nas well as enabling the more effective communication of ideas about sustainable lifestyles to the\r\nCitys residents.\r\n3.\r\nThe purpose of a\r\nmaterial flow analysis (MFA)\r\nis to follow and quantify the flow of materials in a\r\ndefined situation and over a set period of time. The end products of the MFA for York are detailed\r\ninput-output tables showing the flow of all materials associated with non-industrial consumption\r\nthat entered and left the city during the year 2000. These materials include the weight of fuel (the\r\nenergy carriers) required to produce the consumption items and bring them to York, to build\r\nYorks infrastructure, to provide domestic heat and lighting, for personal transportation and so\r\nforth. Also accounted for are the hidden flows of materials that do not enter the economy for\r\nexample, the removal of overburden during mining or waste trimmings from forestry.\r\n4.\r\nWhile MFA provides valuable information concerning the total throughput of materials within York,\r\nthe\r\necological footprint\r\nprovides an understanding of the environmental pressures of these material\r\nflows. It considers the amount of productive land and water ecosystems in hectares (ha) that York\r\nrequires to provide the goods and services that it consumes and to assimilate the wastes that it\r\nproduces. Some of this land will be found within York itself while the rest will be in other countries\r\nand continents. The footprint includes the notional forest land area that would be required to sequester\r\nthe carbon from carbon dioxide (CO\r\n2\r\n) emissions (and emissions of other major greenhouse gases\r\n(GHGs) converted into CO\r\n2\r\nequivalents) due to fossil fuel combustion. The study focuses on energy\r\nuse; food, food packaging and food miles; housing, non-food consumables, waste, transport, water\r\nsupply and other infrastructure.\r\n<br /><br />...',	'pending',	'',	'',	19,	'active'),
(149,	'Material flow analysis: A tool to support environmental policy decision making. Case-studies on the city of Vienna and the Swiss lowlands',	'Hendriks, Carolyn and Obernosterer, Richard and Mller, Daniel and Kytzia, Susanne and Baccini, Peter and Brunner, Paul H',	'5',	'',	'311--328',	0,	'2000',	'',	'This paper discusses the use of Material Flow Analysis (MFA) as a\r\ntool to support policy decision making in the eld of resource and environmental\r\nmanagement. In terms of policy, MFA can be used for early recognition, priority\r\nsetting, to analyse and improve the effectiveness of measures and to design\r\nef cient material management strategies in view of sustainability . MFA has a\r\nhigh potential to be implemented as a guiding tool at the regional level, for\r\nexample as part of a regional environmental management and audit system or\r\nas a part of the Local Agenda 21 process. Material management based on MFA\r\nis complementary to traditiona l environmental and resource management strate-\r\ngies, which have tended to focus heavily on speci c environmental compart-\r\nments, and measure the concentratio n of substances in various media. MFA, in\r\ncontrast, provides an overview of the total system by linking the anthropospher e\r\n(that part of the biosphere in which humans activities take place) with the\r\nenvironment. This system approach shifts the focus away from the back-end\r\nso-called  lter strategies to more pro-active front-end measures. MFA exam-\r\nines short- and long-term loadings rather than concentration s and highlight s\r\ncurrent and potential material accumulations , called material stocks. These\r\nstocks represent either potential environmental problems (e.g. large stocks of\r\nhazardous materials) or a potential source of future resources (e.g. urban\r\nmining). In this way, MFA can assist precautionar y policy making by highlight-\r\ning future environmental or resource issue problems without relying on signals\r\nof environmental stress. The objective of materials management is: rstly, to\r\nanalyse material ows and stocks; secondly, to evaluate these results; and\r\nthirdly, to control material flows in view of certain goals such as sustainable\r\ndevelopment. MFA is an excellent tool for the rst objective and is well\r\nsuited to generate a base for the other two objectives. MFA results can be\r\ncompared against environmental standards or can be interprete d using assess-\r\nment or indicator methodologies (such as environmental impact assessment or\r\necological footprints) . Selected results from two studies, carried out for the city\r\nof Vienna (substance management) and the Swiss lowlands (timber manage-\r\nment), illustrat e the use of MFA as a tool for early recognition (resource\r\ndepletion and environmental quality), for priority setting and for effective policy\r\nmaking.',	'pending',	'',	'',	20,	'active'),
(150,	'Urban metabolism',	'Niza, Samuel and Rosado, Leonardo and Ferro, Paulo',	'13',	'',	'384--405',	0,	'2009',	'10.1111/j.1530-9290.2009.00130.x',	'Urban metabolism studies have been established for only a few\r\ncities worldwide, and difficulties obtaining adequate statistical\r\ndata are universal. Constraints and peculiarities call for innovative methods to quantify the materials entering and leaving\r\ncity boundaries. Such methods include the extrapolation of\r\ndata at the country or the region level based, namely, on sales,\r\npopulation, commuters, workers, and waste produced.\r\nThe work described in this article offers a new methodology developed specifically for quantifying urban material flows,\r\nmaking possible the regular compilation of data pertinent to\r\nthe characterization of a citys metabolism. This methodology was tested in a case study that characterized the urban\r\nmetabolism of the city of Lisbon by quantifying Lisbons material balance for 2004. With this aim, four variables were\r\ncharacterized and linked to material flows associated with the\r\ncity: absolute consumption of materials/products per category,\r\nthroughput of materials in the urban system per material category, material intensity of economic activities, and waste flows\r\nper treatment technology.\r\nResults show that annual material consumption in Lisbon totals 11.223 million tonnes (20 tonnes per capita), and material\r\noutputs sum 2.149 million tonnes. Nonrenewable resources\r\nrepresent almost 80% of the total material consumption, and\r\nrenewables consumption (biomass) constitutes only 18% of\r\nthe total consumption. The remaining portion is made up of\r\nnonspecified materials.\r\nA seemingly excessive consumption amount of nonrenewable materials compared to renewables may be the result of\r\na large investment in building construction and a significant\r\nshift toward private car traveling, to the detriment of public\r\ntransportation.\r\n',	'pending',	'',	'domestic material consumption\r\n(DMC)\r\nindustrial ecology\r\nmaterial balance\r\nresource management\r\nsustainable city\r\nurban planning\r\n',	1,	'active'),
(151,	'Book Review: Practical handbook of material flow analysis',	'Zeschmar-Lahl, Barbara',	'9',	'',	'337--338',	0,	'2004',	'',	'',	'pending',	'',	'',	21,	'active'),
(152,	'Practical Handbook of Material Flow Analysis',	'Brunner, PH and Rechberger, H',	'0',	'',	'',	0,	'2004',	'1-5667-0604-1',	'',	'pending',	'',	'',	22,	'active'),
(153,	'Escalating trends in the urban metabolism of Hong Kong: 1971-1997',	'Warren-Rhodes, Kimberley and Koenig, Albert',	'30',	'',	'429--438',	0,	'2001',	'10.1579/0044-7447-30.7.429',	'Urban metabolism measures quantitatively a city\'s load on the natural environment. We update the Newcombe et al. (3) pioneering study of Hong Kong\'s urban metabolism in 1971, highlighting trends in resource consumption and waste generation. Per capita food, water and materials consumption have surged since the early 1970s by 20%, 40%, and 149%, respectively. Tremendous pollution has accompanied this growing affluence and materialism, and total air emissions, CO2 outputs, municipal solid wastes, and sewage discharges have risen by 30%, 250%, 245%, and 153%. As a result, systemic overload of land, atmospheric and water systems has occurred. While some strategies to tackle deteriorating environmental quality have succeeded, greater and more far-reaching changes in consumer behavior and government policy are needed if Hong Kong is to achieve its stated goal of becoming a truly sustainable city in the 21st century.',	'pending',	'',	'',	11,	'active'),
(154,	'Aspects of stocks and flows in the urban built environment of Cape Town',	'Gasson, Barrie',	'0',	'',	'',	0,	'2007',	'',	'',	'pending',	'',	'',	23,	'active'),
(155,	'Material flow accounting and analysis',	'Hinterberger, Friedrich and Giljum, Stefan and Hammer, Mark',	'0',	'',	'',	0,	'2003',	'',	'Nice overall explanation of MFA studies, methods, and developments.\r\n\r\n1. Introduction\r\n2. Historical development of MFA\r\n3. Methodological foundations\r\n4. Categories of material flows\r\n5. A general scheme for economy-wide MFA\r\n6. Indicators derived from economy-wide MFA\r\n7. The LCA-oriented method for calculating indirect material flows\r\n8. The input-output based approach for calculating indirect flows\r\n9. Main applications of economy-wide MFA\r\n10. Shortcomings of the MFA approach\r\n11. State of the art in economy-wide MFA\r\n12. Selected empirical results\r\n13. Extensions and further methodological development of MFA',	'pending',	'',	'',	24,	'active'),
(156,	'Material Flow Analysis on the Regional Level: Questions, Problems, Solutions',	'Hammer, Mark and Giljum, Stefan and Bargigli, Silvia and Hinterberger, Friedrich',	'0',	'',	'',	0,	'2003',	'',	'This paper aims at developing a method for applying the framework of material flow\r\naccounting and analysis (MFA) on the regional level. Starting from a discussion on the state-\r\nof-the-art in MFA on the national level, already published regional case studies are reviewed\r\nand details concerning the different methodological approaches discussed. The review reveals\r\nthat existing studies differ considerably with regard to the size of the investigated regions, the\r\nmethods applied and the data generated. Based on this review, a method for compiling\r\nregional MFA accounts is derived, which is compatible with the standard method for national\r\nMFA. Special focus is put on the description of possible estimation methods to overcome\r\nexpected data gaps, in particular with regard to international and intranational trade flows.\r\nFinally, interlinkages between material flow accounting and land use accounting are\r\ndiscussed.',	'pending',	'',	'',	23,	'active'),
(157,	'Analysis of regional material flows: The case of the Czech Republic',	'Kovanda, Jan and Weinzettel, Jan and Hak, Tomas',	'53',	'',	'243--254',	0,	'2009',	'10.1016/j.resconrec.2008.12.004',	'This article deals with regional material flows and the related environmental pressures and impacts in the Czech Republic. We assess the regional domestic extraction used for groups of materials (DE) such as biomass, fossil fuels, non-metallic minerals and metal ores and examine the inter-regional trade in these materials in terms of physical imports (IMr), physical exports (EXr) and physical trade balance (PTBr). We further discuss the significance of various material flow indicators including DMI and DMC, their relations to other socio-economic variables and their possible application in policies. We argue that more effort should be put into developing indicators presenting imports and exports in raw material equivalents (RME).\r\n',	'pending',	'',	'',	4,	'active'),
(158,	'Uncertainty in Material Flow Analysis',	'Rechberger, Helmut and Cencic, Oliver and Frhwirth, Rudolf',	'18',	'',	'159--160',	0,	'2014',	'10.1111/jiec.12087',	'',	'pending',	'',	'',	1,	'active'),
(159,	'Systematic Evaluation of Uncertainty in Material Flow Analysis',	'Laner, David and Rechberger, Helmut and Astrup, Thomas',	'0',	'',	'',	0,	'2014',	'10.1111/jiec.12143',	'Material flow analysis (MFA) is a tool to investigate material flows and stocks in defined systems as a basis for resource management or environmental pollution control. Because of the diverse nature of sources and the varying quality and availability of data, MFA results are inherently uncertain. Uncertainty analyses have received increasing attention in recent MFA studies, but systematic approaches for selection of appropriate uncertainty tools are missing. This article reviews existing literature related to handling of uncertainty in MFA studies and evaluates current practice of uncertainty analysis in MFA. Based on this, recommendations for consideration of uncertainty in MFA are provided. A five-step framework for uncertainty handling is outlined, reflecting aspects such as data quality and goal/scope of the MFA. We distinguish between descriptive (quantification of material turnover in a region) and exploratory MFA (identification of critical parameters and system behavior). Whereas mathematically simpler concepts focusing on data uncertainty characterization are appropriate for descriptive MFAs, statistical approaches enabling more-rigorous evaluation of uncertainty and model sensitivity are needed for exploratory MFAs. Irrespective of the level of sophistication, lack of information about MFA data poses a major challenge for meaningful uncertainty analysis. The step-wise framework suggested here provides a systematic way to consider available information and produce results as precise as the data warrant.\r\n',	'pending',	'',	'',	1,	'active'),
(160,	'Material Flow Analysis of plastic products in Austria - Emphasis on data uncertainties in consumption sectors and solid waste management',	'Feketitsch, Julia and Buchner, Hanno and Lederer, Jakob and Laner, David and Fellner, Johann',	'0',	'',	'',	0,	'2013',	'',	'Material flow analysis (MFA) is about gathering, harmonizing and analyzing data on physical flows and stocks\r\nfrom different sources with varying qualities. Paucity of data is typical for regional material flow studies,\r\ncausing considerable uncertainty about MFA input data and model results. The aim of this paper was to illustrate\r\nan approach for estimating uncertainties of input data and material flows of the Austrian plastics household. The\r\ninput and output flows of the consumption sectors of the Austrian plastics household were analyzed according to\r\ntheir uncertainty and serve as an example of using uncertainty ranges to indicate the quality of material flow\r\nestimates and their respective source(s).\r\nBy distinguishing basic and additional uncertainty as elements of the total uncertainty, it was possible to\r\nconsider different quality aspects of the data. The basic uncertainty refers to natural or random variability in the\r\ndata and the additional uncertainty is due to low quality of the data (the reported value may not be representative\r\nfor the value of interest).\r\nFor the presented case study, we found, that the resulting uncertainty ranges are well suited to indicate the\r\nquality of MFA data: the poorer the quality of the data (or the harder to elevate the mass flow) the higher is the\r\nvalue for the total uncertainty. The presented approach allows for a more transparent and consistent\r\ncharacterization of uncertainties within regional MFA studies. However, further studies are necessary to\r\ninvestigate the effect of using different mathematical concepts in conjunction with the presented approach or to\r\nevaluate the robustness of the resulting uncertainty estimates.',	'pending',	'',	'',	23,	'active'),
(161,	'Mesurer la performance cologique des villes et des territoires: le mtabolisme de Paris et de l&#039;Ile-de-France',	'Barles, Sabine',	'0',	'',	'',	0,	'2007',	'',	'',	'pending',	'',	'',	23,	'active'),
(162,	'Material Flow Analysis of the City of Hamburg',	'Hammer, Mark and Giljum, Stefan and Hinterberger, Friedrich',	'0',	'',	'',	0,	'2003',	'',	'n this paper we present first results of a local MFA for the City of Hamburg. Material\r\nflows have been accounted for the years 1992-2001. Material input and consumption\r\nindicators for Hamburg increased during this last ten years. Material flows are almost overall\r\ndominated by imports and a big share of the imports is re-exported again showing the role of\r\nHamburg as an international harbour. Material consumption per capita and per GDP is lower\r\nin Hamburg than in overall Germany. But different to Germany where material inputs and\r\nconsumption stay stayed stable in per capita terms and declined in relation to GDP in\r\nHamburg material inputs and consumption per capita and per GDP increased.',	'pending',	'',	'Material flow analysis (MFA), regional development, environmental\r\nindicators, sustainability.',	25,	'active'),
(163,	'Local Studies Manual: A researcher&#039;s guide for investigating the social metabolism of rural systems',	'Singh, Simron J and Ringhofer, Lisa and Haas, Willi and Krausmann, Fridolin and Fischer-Kowalski, Marina',	'0',	'',	'',	0,	'2010',	'',	'1. Introduction: The pur\r\npose of the\r\nmanual........................................................... 2\r\n2. The conceptual a\r\nnd methodological\r\nbase ......................................................... 4\r\n2.1. Sociometabolic regi\r\nmes and trans\r\nitions\r\n........................................................... 4\r\n2.2. Linking social metabolis\r\nm with functional\r\ntime use .......................................... 5\r\n2.3. Scale in\r\nteractions............................................................................................. 7\r\n3. Describing rural soci\r\nometabolic\r\nsystems.......................................................... 9\r\n3.1. The choice of an appr\r\nopriate unit of\r\nanalysi\r\ns................................................... 9\r\n3.2. Defining the system boundary\r\nof the focal so\r\ncial system................................. 9\r\n3.3. Functional (econo\r\nmic) territ\r\nory....................................................................... 11\r\n3.4. Human P\r\nopulation\r\n.......................................................................................... 13\r\n3.5. Life time\r\n/Labour ti\r\nme...................................................................................... 14\r\n3.6. Other biophy\r\nsical st\r\nocks ................................................................................ 16\r\n4. Methodological guidelines\r\nby empirical\r\ndomains ........................................... 18\r\n4.1 Introduct\r\nion ..................................................................................................... 18\r\n4.2 Establishing\r\ncontact ........................................................................................ 19\r\n4.3 Human Population (s\r\ntocks and fl\r\nows) ............................................................. 21\r\n4.4 Human time\r\nuse (flows\r\n) ................................................................................. 22\r\n4.5 Functional territory (stocks\r\nby land use ca\r\ntegories)\r\n........................................ 25\r\n4.6 Livestock\r\n(stock) ............................................................................................. 28\r\n4.7 Artefa\r\ncts.......................................................................................................... 29\r\n4.8 Material and E\r\nnergy Flow\r\ns.............................................................................. 30\r\n4.8.1. Material\r\nflows........................................................................................... 30\r\n4.8.2 Energy flows (i\r\nncl. electr\r\nicity)\r\n................................................................... 39\r\n5. Functional interrelations\r\nand headline i\r\nndicators\r\n........................................... 40\r\n5.1 Basic system description\r\nand system interre\r\nlations\r\n........................................ 40\r\n5.2 Societies stocks (inclu\r\nding infrastruc\r\nture) ...................................................... 41\r\n5.3 The Material\r\nUse Syst\r\nem................................................................................ 42\r\n5.4 The Energy\r\nSystem......................................................................................... 44\r\n5.5 The Food\r\nSystem............................................................................................ 45\r\n5.6 Time Us\r\ne Syst\r\nem............................................................................................ 47\r\n6. Post\r\nScript\r\n........................................................................................................... 48\r\nReferenc\r\nes .............................................................................................................. 49\r\nAppendix 1: Abstracts of\r\nselected public\r\nations ..................................................... 53\r\nAppendix 2: Prints of exce\r\nl templates (b\r\nlank) ....................................................... 56\r\nAppendix 3: Exemplary exce\r\nl templates\r\n(filled)\r\n..................................................... 66 \r\n\r\n',	'pending',	'',	'',	26,	'active'),
(164,	'Economy-wide Material Flow Accounts (EW-MFA) Compilation Guide 2013',	'EUROSTAT',	'0',	'',	'',	0,	'2013',	'',	'',	'pending',	'',	'',	27,	'active'),
(165,	'Economy-wide Material Flow Accounting &quot;Guide for beginners&quot;',	' Eisenmenger, Nina and Haas, Willi and Krausmann, Fridolin and Schtz, Helmut and Weisz, Helga',	'0',	'',	'',	0,	'2006',	'',	'',	'pending',	'',	'',	27,	'active'),
(166,	'Global patterns of material flows and their socio-economic and environmental implications: a MFA study on all countries world-wide from 1980 to 2009',	'Giljum, Stefan and Dittrich, Monika and Lieber, Mirko and Lutter, Stephan',	'3',	'',	'319--339',	0,	'2014',	'10.3390/resources3010319',	'This paper assesses world-wide patterns of material extraction, trade, consumption and productivity based on a new data set for economy-wide material flows, covering used materials for all countries world-wide between 1980 and 2009. We show that global material extraction has grown by more than 90% over the past 30 years and is reaching almost 70 billion tonnes today. Also, trade volumes in physical terms have increased by a factor of 2.5 over the past 30 years, and in 2009, 9.3 billion tonnes of raw materials and products were traded around the globe. China has turned into the biggest consumer of materials world-wide and together with the US, India, Brazil and Russia, consumes more than 50% of all globally extracted materials. We also show that the per-capita consumption levels are very uneven, with a factor of more than 60 between the country with the lowest and highest consumption in 2009. On average, each human being consumed 10 tonnes of materials in 2009, 2 tonnes more than in 1980. We discuss whether decoupling of economies growth from resource use has occurred and analyse interrelations of material use with human development. Finally, we elaborate on key environmental problems related to various material groups.',	'pending',	'',	'',	28,	'active'),
(167,	'Total Material Requirement of Growing China: 1995--2008',	'Wang, Heming and Yue, Qiang and Lu, Zhongwu and Schuetz, Helmut and Bringezu, Stefan',	'2',	'',	'270--285',	0,	'2013',	'10.3390/resources2030270',	'This article presents the accounts of Chinas Total Material Requirement (TMR) during 19952008, which were compiled under the guidelines of Eurostat (2009) and with the Hidden Flow (HF) coefficients developed by the Wuppertal Institute. Subsequently, comparisons with previous studies are conducted. Using decomposition, we finally examine the influential factors that have changed the TMR of China. The main findings are the following: (1) During 19952008 Chinas TMR increased from 32.7 Gt to 57.0 Gt. Domestic extraction dominated Chinas TMR, but a continuous decrease of its shares can be observed. In terms of material types, excavation constituted the biggest component of Chinas TMR, and a shift from biomass to metallic minerals is apparent; (2) Compared with two previous studies on Chinas TMR, the amounts of TMR in this study are similar to the others, whereas the amounts of the used part of TMR (Direct Material Input, DMI) are quite different as a result of following different guidelines; (3) Compared with developed countries, Chinas TMR per capita was much lower, but a continuous increase of this indicator can be observed; (4) Factors of Affluence (A) and Material Intensity (T), respectively, contributed the most to the increase and decrease of TMR, but the overall decrease effect is limited.',	'pending',	'',	'',	28,	'active'),
(168,	'Dynamic modeling of Singapore&#039;s urban resource flows: Historical trends and sustainable scenario development',	'Abou-Abdo, T.; Davis, N.R.; Krones, J.S.; Welling, K.N.; Fernandez, J.E.',	'0',	'0',	'',	0,	'2011',	'10.1109/ISSST.2011.5936851',	'',	'pending',	'',	'',	29,	'active'),
(169,	'Dynamic modeling of Singapore&#039;s urban resource flows: Historical trends and sustainable scenario development',	'Abou-Abdo, T.; Davis, N.R.; Krones, J.S.; Welling, K.N.; Fernandez, J.E.',	'0',	'0',	'',	0,	'2011',	'10.1109/ISSST.2011.5936851',	'',	'pending',	'',	'',	30,	'pending'),
(170,	'Dynamic modeling of Singapore&#039;s urban resource flows: Historical trends and sustainable scenario development',	'Abou-Abdo, T.; Davis, N.R.; Krones, J.S.; Welling, K.N.; Fernandez, J.E.',	'0',	'0',	'',	0,	'2011',	'10.1109/ISSST.2011.5936851',	'',	'pending',	'',	'',	31,	'pending');

DROP TABLE IF EXISTS `research`;
CREATE TABLE `research` (
  `id` int(10) unsigned NOT NULL AUTO_INCREMENT,
  `title` varchar(255) COLLATE utf8_unicode_ci NOT NULL,
  `researcher` varchar(255) COLLATE utf8_unicode_ci NOT NULL,
  `supervisor` varchar(255) COLLATE utf8_unicode_ci NOT NULL,
  `institution` varchar(255) COLLATE utf8_unicode_ci NOT NULL,
  `status` enum('ongoing','finished','cancelled','paused') COLLATE utf8_unicode_ci NOT NULL,
  `target_finishing_date` varchar(255) COLLATE utf8_unicode_ci NOT NULL,
  `description` text COLLATE utf8_unicode_ci NOT NULL,
  `email` varchar(255) COLLATE utf8_unicode_ci NOT NULL,
  PRIMARY KEY (`id`)
) ENGINE=InnoDB DEFAULT CHARSET=utf8 COLLATE=utf8_unicode_ci;

INSERT INTO `research` (`id`, `title`, `researcher`, `supervisor`, `institution`, `status`, `target_finishing_date`, `description`, `email`) VALUES
(1,	'Feasibility study of an urban MFA in Cape Town, South Africa',	'Paul Hoekman',	'Harro von Blottnitz',	'University of Cape Town',	'ongoing',	'Late 2014',	'I am undertaking a feasibility study. My goal is to find out how feasible it is to perform an EW-MFA on an urban scale using the EUROSTAT methodology in South Africa - principally focused on the city of Cape Town. The lack of reliable data on an urban level and the incompatibility with the statistical depth between EUROSTAT methodology and South African statistics are the main challenges so far.',	'p@ulhoekman.com');

DROP TABLE IF EXISTS `sources`;
CREATE TABLE `sources` (
  `id` smallint(6) NOT NULL AUTO_INCREMENT,
  `name` varchar(255) COLLATE utf8_unicode_ci NOT NULL,
  PRIMARY KEY (`id`)
) ENGINE=InnoDB DEFAULT CHARSET=utf8 COLLATE=utf8_unicode_ci;

INSERT INTO `sources` (`id`, `name`) VALUES
(1,	'Journal of Industrial Ecology'),
(2,	'Biogeosciences Discussions'),
(3,	'UNEP'),
(4,	'Resources, Conservation and Recycling'),
(5,	'Development Southern Africa'),
(6,	'Department of Architecture, Massechusetts Institute of Technology'),
(7,	'Annual Review of Energy and the Environment'),
(8,	'Environmental Pollution'),
(9,	'Ecological Modelling'),
(10,	'Ecological Economics'),
(11,	'Ambio'),
(12,	'Water Science & Technology'),
(13,	'Scientific American'),
(14,	'Landscape and Urban Planning'),
(15,	'The sustainable city III: Urban regeneration and assessment, ed. N. Marchettini, CA Brebbia, E. Tiezza, and LC Wadhwa'),
(16,	'Journal of Environmental Planning and Management'),
(17,	'Revista Hbitat Sustentable'),
(18,	'Luxembourg: Office for Official Publications of the European Communities'),
(19,	'Stockholm Environment Institute'),
(20,	'Local Environment'),
(21,	'The International Journal of Life Cycle Assessment'),
(22,	'Lewis Publishers'),
(23,	'Unknown/unpublished'),
(24,	'Vienna: Sustainable Europe Research Institute.(SERI Background Paper 2)'),
(25,	'Sustainable Europe Research Institute (SERI)'),
(26,	'Institute of Social Ecology'),
(27,	'EUROSTAT'),
(28,	'Resources'),
(29,	'Sustainable Systems and Technology (ISSST), 2011 IEEE International Symposium on'),
(30,	'Sustainable Systems and Technology (ISSST), 2011 IEEE International Symposium on'),
(31,	'Sustainable Systems and Technology (ISSST), 2011 IEEE International Symposium on');

DROP TABLE IF EXISTS `tags`;
CREATE TABLE `tags` (
  `id` smallint(5) unsigned NOT NULL AUTO_INCREMENT,
  `tag` varchar(255) COLLATE utf8_unicode_ci NOT NULL,
  `parent` smallint(5) unsigned NOT NULL,
  `description` text COLLATE utf8_unicode_ci NOT NULL,
  PRIMARY KEY (`id`),
  UNIQUE KEY `tag` (`tag`),
  KEY `parent` (`parent`),
  CONSTRAINT `tags_ibfk_2` FOREIGN KEY (`parent`) REFERENCES `tags_parents` (`id`) ON DELETE CASCADE ON UPDATE CASCADE
) ENGINE=InnoDB DEFAULT CHARSET=utf8 COLLATE=utf8_unicode_ci;

INSERT INTO `tags` (`id`, `tag`, `parent`, `description`) VALUES
(1,	'Case Study',	1,	''),
(2,	'Methodology',	1,	''),
(3,	'Review Paper',	1,	''),
(4,	'Commentary / Editorial',	1,	''),
(5,	'Practical Guides and Handbooks',	1,	''),
(6,	'Research and Analysis',	1,	''),
(7,	'EUROSTAT methodology',	9,	''),
(8,	'France',	3,	''),
(9,	'Paris',	4,	''),
(10,	'National',	5,	''),
(11,	'Urban',	5,	''),
(12,	'Regional',	5,	''),
(13,	'Metals',	6,	''),
(14,	'India',	3,	''),
(15,	'Water',	6,	''),
(16,	'Electricity',	6,	''),
(17,	'Biomass',	6,	''),
(18,	'Urban Metabolism Analyst Model',	9,	''),
(19,	'Portugal',	3,	''),
(20,	'Lisbon',	4,	''),
(21,	'United States',	3,	''),
(22,	'China',	3,	''),
(23,	'Suzhou',	4,	''),
(24,	'Switzerland',	3,	''),
(25,	'Waste',	6,	''),
(26,	'CO2',	6,	''),
(27,	'Various Materials',	6,	''),
(28,	'Europe',	3,	''),
(29,	'Australia',	3,	''),
(30,	'Global',	5,	''),
(31,	'Comparison',	1,	''),
(32,	'The Netherlands',	3,	''),
(33,	'Chlorine',	6,	''),
(34,	'Indicators - general',	10,	''),
(35,	'Czech Republic',	3,	''),
(36,	'SO2',	6,	''),
(37,	'Dominica',	3,	''),
(38,	'United Kingdom',	3,	''),
(39,	'Denmark',	3,	''),
(40,	'Paper',	6,	''),
(41,	'Taipei',	4,	''),
(42,	'Taiwan',	3,	''),
(43,	'Italy',	3,	''),
(44,	'Sweden',	3,	''),
(45,	'Gothenburg',	4,	''),
(46,	'Phosphorus',	6,	''),
(47,	'Argentina',	3,	''),
(48,	'Norway',	3,	''),
(49,	'Oslo',	4,	''),
(50,	'Iceland',	3,	''),
(51,	'Trinidad and Tobago',	3,	''),
(52,	'Wood',	6,	''),
(53,	'Energy/Emergy',	9,	''),
(54,	'Life Cycle Assessment (LCA)',	2,	'<p><em>From <a href=\"publication/88\">Daniels and Moore (2001)</a>:</em></p>\r\n\r\n<p>Life-cycle assessment (LCA) is an environmental management tool for identifying (and comparing) the whole life\r\ncycle, or cradle-to-grave, environmental impacts of the creation, marketing, transport and distribution, operation,\r\nand disposal of specific human artifacts. The approach is intrinsically holistic in nature and considers direct and,\r\nideally, related processes and hidden, nonmarket flows of raw materials and intermediate inputs, and waste and other\r\nmaterial and energy outputs associated with the entire existence or product chain or system (Guinee et al. 1993).\r\nThe LCA procedure often involves a comparison of a small number of substitutable products assumed to provide a\r\nsimilar consumption service.</p>'),
(55,	'Latin America',	3,	''),
(56,	'Chile',	3,	''),
(57,	'Ecuador',	3,	''),
(58,	'Mexico',	3,	''),
(59,	'Peru',	3,	''),
(60,	'Glass',	6,	''),
(61,	'New Jersey',	4,	''),
(62,	'Delhi',	4,	''),
(63,	'Emissions',	6,	''),
(64,	'New York',	4,	''),
(65,	'Physical input-output tables (PIOT) / Input-Output Assessment (IOA)',	2,	'<p><em>From <a href=\"publication/88\">Daniels and Moore (2001)</a>:</em></p>\r\n\r\n<p>Physical input-output tables (PIOT) allow national-level analysis that extends upon conventional input-output\r\nmethodology and classifications to incorporate environmental resource and waste output sectors to provide\r\nmeasures of the physical flow of materials and goods within the economic system and between the economic system\r\nand the natural environment. This approach involves the exhaustive physical coverage of the movement (origins\r\nand uses) of most environmentally relevant materials induced by an economic region (sometimes disaggregated to\r\nthe level of elements or simple chemical compounds). The PIOT method traces how natural resources enter, are\r\nprocessed, and subsequently as commodities, are moved around the economy, used, and finally returned to the\r\nnatural environment in the form of residuals. It undertakes the\r\ndetailed\r\ninvestigation of intersectoral physical flows of\r\nenvironmental resources inputs and commodity weights and residuals, and given this intersectoral specification and\r\ntransactions matrix structure, has the ability to evaluate the cumulative environmental burden (total direct and\r\nindirect effect material requirements and pressures) of private consumption and other final demand for the products\r\nof different industries.</p>'),
(66,	'Vietnam',	3,	''),
(67,	'Rural',	5,	''),
(68,	'Finland',	3,	''),
(69,	'Japan',	3,	''),
(70,	'PVC',	6,	''),
(71,	'Austria',	3,	''),
(72,	'Raw Materials Equivalent (RME)',	10,	''),
(73,	'Singapore',	3,	''),
(74,	'Direct Material Consumption (DMC)',	10,	''),
(75,	'Brazil',	3,	''),
(76,	'Colombia',	3,	''),
(77,	'Construction Materials',	6,	''),
(78,	'Contemporary Point in Time',	7,	''),
(79,	'Time Series',	7,	'<p>We have tagged paper that list <strong>up to 20 years</strong> of data.</p>'),
(80,	'Long-Range Historical Perspective',	7,	'<p>We have tagged paper that list <strong>more than 20 years</strong> of data.</p>'),
(85,	'Economy-Wide Material Flow Analysis (EW MFA)',	2,	'<p><em>From <a href=\"publication/88\">Daniels and Moore (2001)</a></em> (this paper describes \"bulk internal flow material flow analysis\", which we have here defined as Economy-Wide Material Flow Analysis):</p>\r\n\r\n<p>The bulk internal flow material flow analysis (MFA-BIF) models developed as material flow balance models that\r\nfocused on both material inputs and output flows and stock accumulations, induced by the entire societal metabolism\r\nof a given region. An essential principle is that of materials balance in order to derive consistent and balanced\r\nmeasures of material inputs and outputs across the economy-environment system boundary. The approach has also\r\nincorporated the identification and quantification of physical flows of bulk material categories within at least a\r\nlimited number of subsystem components of the economic region under study. These studies may be considered as\r\nMFA-BIF. They lie between the TMRO approach and the highly disaggregated treatment of material inter-\r\ndependencies between sectors in physical input-output tables (hence, their occasional labeling as bulk PIOTs).\r\nThe MFA-BIF approach aims to reveal the fundamental nature of economic system sources of flows and provides an\r\noverview of the structural nature of the material basis of economies.</p>'),
(86,	'Substance Flow Analysis (SFA)',	2,	'<p><em>From <a href=\"publication/88\">Daniels and Moore (2001)</a>:</em></p>\r\n\r\n<p>Substance flow analysis (SFA) focuses on material flows of just\r\none, chemically defined\r\nsubstance, or a limited group of\r\nsuch substances through the metabolism of a relatively extensive, predefined geographic region. Within this region,\r\nall significant economic sources acting as the driving forces behind induced substance flows are considered.\r\nSubstances, as chemical elements and their compounds, comprise the material under study. Typical examples in\r\nexisting research include nutrients such as nitrogen and phosphorous, chromium, mercury, lead and other heavy\r\nmetals, carbon, water, and organochlorine compounds. The\r\nsubstance-based material flux analysis approach, centered on a core group of researchers in Switzerland, is also\r\nconsidered as a major form of SFA.</p>'),
(87,	'Ecological Footprint Analysis',	2,	'<p><em>From <a href=\"publication/88\">Daniels and Moore (2001)</a>:</em></p>\r\n\r\n<p>EFA was designed as a readily comprehended indicator of the sustainability of the human economy vis-a\r\n`-vis the\r\nEarths remaining natural capacity to supply resources (sometimes considered equivalent to the planets terrestrial\r\ncarrying capacity). It groups and calculates material and energy requirements of nations (or regions) for a limited\r\nnumber of consumption functions, converts these metabolic flows into the ecologically productive land area required\r\nto produce the resources used in these activities, and compares the required areas to available regional, national, and\r\nglobal ecologically productive areas. Existing studies have typically been restricted to the ecological resource output\r\npotential of terrestrial areas</p>'),
(88,	'Material Intensity per Unit Service (MIPS)',	2,	'<p><em>From <a href=\"publication/88\">Daniels and Moore (2001)</a>:</em></p>\r\n\r\n<p>Material intensity per unit service (MIPS) involves the identification of a single mass-based measure of the total,\r\nlife-cycle-wide (or cradle-to-grave) primary material and energy requirement of environmentally significant economic\r\noutput in the form of specific products, or forms of infrastructure or service delivery. Examples include newspaper,\r\norange juice, an automobile, a prestressed concrete power pole, and alternative transport modes. A characteristic\r\nemphasis of MIPS is the linking of required inputs to goods as functional units providing end-user service units or\r\nutilizations (e.g., the passenger-kilometers yielded by an automobile). The final MIPS measure is expressed as the\r\nratio of the mass of material and energy inputs to physical (and sometimes monetary) measures of services provided\r\nas benefits to people. The result is a material intensity involved in the provision a specified level of service of the\r\nsystem under study and represents a measure of the anthropogenic ecological or environmental impact intensity of\r\nselected forms of economic output. The geographic extent of measured flows induced by the product under study is\r\ntypically global in nature and takes a life-cycle perspective with the explicit goal of capturing the full ecological\r\nrucksack associated with the production, consumption, disposal, and possible recycling and reuse of the product and\r\nits components.</p>'),
(89,	'Egypt',	3,	''),
(90,	'Spain',	3,	''),
(91,	'Fluorine',	6,	''),
(92,	'Linkping',	4,	''),
(93,	'Nitrogen',	6,	''),
(94,	'Institutional Report',	1,	''),
(95,	'Beijing',	4,	''),
(96,	'Ireland',	3,	''),
(97,	'Hong Kong',	3,	''),
(98,	'Hong Kong: City',	4,	''),
(99,	'Mexico City',	4,	''),
(100,	'Sao Paulo',	4,	''),
(101,	'Rio de Janeiro',	4,	''),
(102,	'Buenos Aires',	4,	''),
(103,	'York',	4,	''),
(104,	'Vienna',	4,	''),
(105,	'Book',	1,	''),
(106,	'Book Review',	1,	''),
(107,	'South Africa',	3,	''),
(108,	'Cape Town',	4,	''),
(109,	'Uncertainty',	10,	''),
(110,	'Germany',	3,	''),
(111,	'Hamburg',	4,	''),
(112,	'Singapore: City',	4,	'');

DROP TABLE IF EXISTS `tags_papers`;
CREATE TABLE `tags_papers` (
  `id` mediumint(8) unsigned NOT NULL AUTO_INCREMENT,
  `tag` smallint(5) unsigned NOT NULL,
  `paper` int(11) NOT NULL,
  PRIMARY KEY (`id`),
  KEY `paper` (`paper`),
  KEY `tag` (`tag`),
  CONSTRAINT `papertag` FOREIGN KEY (`paper`) REFERENCES `papers` (`id`) ON DELETE CASCADE ON UPDATE CASCADE,
  CONSTRAINT `tagtag` FOREIGN KEY (`tag`) REFERENCES `tags` (`id`) ON DELETE CASCADE ON UPDATE CASCADE
) ENGINE=InnoDB DEFAULT CHARSET=utf8 COLLATE=utf8_unicode_ci;

INSERT INTO `tags_papers` (`id`, `tag`, `paper`) VALUES
(1,	14,	1),
(2,	16,	1),
(3,	15,	1),
(4,	1,	1),
(5,	10,	1),
(6,	17,	2),
(7,	2,	3),
(8,	1,	4),
(9,	18,	4),
(10,	20,	4),
(11,	19,	4),
(12,	11,	4),
(13,	13,	5),
(14,	10,	5),
(15,	1,	5),
(16,	21,	5),
(17,	2,	6),
(18,	1,	6),
(19,	22,	6),
(20,	23,	6),
(21,	11,	6),
(22,	2,	7),
(23,	24,	7),
(24,	10,	7),
(25,	25,	7),
(26,	1,	8),
(27,	28,	8),
(28,	26,	8),
(29,	27,	8),
(30,	1,	9),
(31,	29,	9),
(32,	31,	10),
(33,	30,	10),
(34,	30,	10),
(35,	11,	11),
(36,	31,	11),
(37,	3,	11),
(38,	32,	12),
(39,	10,	12),
(40,	33,	12),
(41,	34,	13),
(42,	35,	13),
(43,	10,	13),
(44,	13,	14),
(45,	10,	14),
(46,	22,	14),
(47,	1,	14),
(48,	36,	14),
(49,	1,	15),
(50,	21,	15),
(51,	10,	15),
(52,	13,	15),
(53,	2,	16),
(54,	28,	16),
(55,	13,	16),
(56,	12,	16),
(57,	1,	18),
(58,	30,	18),
(59,	13,	18),
(60,	1,	19),
(61,	37,	19),
(62,	10,	19),
(63,	25,	19),
(64,	2,	20),
(65,	12,	20),
(66,	38,	20),
(67,	1,	20),
(68,	2,	22),
(69,	13,	23),
(70,	10,	23),
(71,	39,	23),
(72,	1,	23),
(73,	1,	24),
(74,	38,	24),
(75,	10,	24),
(76,	40,	24),
(77,	1,	25),
(78,	11,	25),
(79,	42,	25),
(80,	41,	25),
(81,	1,	26),
(82,	43,	26),
(83,	10,	26),
(84,	25,	26),
(85,	1,	27),
(86,	22,	27),
(87,	10,	27),
(88,	33,	28),
(89,	13,	28),
(90,	1,	28),
(91,	1,	29),
(92,	2,	29),
(93,	22,	29),
(94,	23,	29),
(95,	11,	29),
(96,	2,	30),
(97,	1,	31),
(98,	44,	31),
(99,	45,	31),
(100,	11,	31),
(101,	46,	31),
(102,	1,	32),
(103,	47,	32),
(104,	10,	32),
(105,	2,	33),
(106,	21,	33),
(107,	10,	33),
(108,	48,	34),
(109,	49,	34),
(110,	11,	34),
(111,	1,	34),
(112,	27,	34),
(113,	1,	35),
(114,	7,	35),
(115,	51,	35),
(116,	50,	35),
(117,	10,	35),
(118,	1,	36),
(119,	33,	36),
(120,	52,	37),
(121,	12,	37),
(122,	24,	37),
(123,	1,	37),
(124,	2,	37),
(125,	53,	37),
(126,	10,	38),
(127,	21,	38),
(128,	13,	38),
(129,	1,	38),
(130,	1,	39),
(131,	2,	39),
(132,	21,	39),
(133,	10,	39),
(134,	13,	39),
(135,	1,	40),
(136,	49,	40),
(137,	11,	40),
(138,	27,	40),
(139,	54,	34),
(140,	54,	40),
(141,	55,	42),
(143,	59,	42),
(144,	56,	42),
(145,	58,	42),
(146,	57,	42),
(147,	10,	42),
(148,	31,	42),
(149,	1,	43),
(150,	28,	43),
(151,	12,	43),
(152,	13,	43),
(153,	2,	44),
(155,	30,	44),
(157,	31,	44),
(159,	3,	45),
(160,	61,	46),
(162,	21,	46),
(163,	1,	46),
(164,	60,	46),
(165,	2,	47),
(166,	1,	47),
(167,	14,	47),
(168,	14,	47),
(169,	11,	47),
(170,	62,	47),
(171,	63,	47),
(172,	29,	48),
(173,	2,	48),
(174,	10,	48),
(175,	12,	46),
(176,	61,	30),
(177,	21,	30),
(178,	12,	30),
(179,	64,	30),
(180,	63,	30),
(181,	65,	49),
(182,	22,	49),
(184,	10,	49),
(185,	2,	49),
(187,	31,	49),
(189,	28,	49),
(190,	12,	49),
(191,	2,	50),
(192,	53,	50),
(193,	1,	51),
(194,	66,	51),
(195,	7,	51),
(196,	67,	51),
(197,	2,	52),
(198,	65,	52),
(199,	22,	52),
(200,	10,	52),
(201,	68,	53),
(202,	1,	53),
(203,	10,	53),
(204,	2,	54),
(205,	25,	54),
(206,	54,	55),
(207,	65,	55),
(208,	2,	55),
(209,	69,	54),
(210,	1,	54),
(211,	65,	56),
(213,	69,	56),
(214,	10,	56),
(215,	2,	56),
(216,	1,	56),
(218,	70,	56),
(219,	2,	57),
(220,	2,	58),
(221,	13,	58),
(222,	65,	58),
(223,	1,	59),
(224,	33,	59),
(225,	12,	59),
(226,	28,	59),
(227,	54,	60),
(228,	2,	60),
(229,	17,	60),
(230,	25,	60),
(231,	44,	60),
(232,	30,	61),
(233,	46,	61),
(234,	1,	61),
(236,	13,	62),
(238,	68,	62),
(239,	39,	62),
(240,	1,	62),
(241,	2,	63),
(242,	71,	64),
(243,	1,	64),
(244,	2,	64),
(245,	10,	64),
(246,	72,	64),
(247,	31,	65),
(248,	30,	65),
(249,	22,	65),
(250,	13,	65),
(251,	1,	66),
(252,	24,	66),
(253,	10,	66),
(254,	1,	67),
(256,	13,	67),
(257,	73,	68),
(258,	1,	68),
(259,	74,	68),
(260,	10,	68),
(261,	1,	69),
(262,	7,	69),
(263,	8,	69),
(264,	9,	69),
(265,	11,	69),
(266,	12,	69),
(267,	2,	70),
(268,	31,	70),
(269,	1,	71),
(270,	22,	71),
(273,	7,	71),
(275,	10,	71),
(276,	1,	72),
(277,	2,	72),
(278,	1,	73),
(279,	22,	73),
(280,	7,	73),
(281,	10,	73),
(282,	54,	74),
(283,	27,	74),
(284,	32,	74),
(285,	10,	74),
(286,	1,	74),
(287,	7,	74),
(288,	6,	75),
(289,	69,	75),
(290,	10,	75),
(291,	29,	76),
(292,	10,	76),
(293,	65,	76),
(294,	7,	76),
(295,	1,	76),
(296,	1,	77),
(297,	32,	77),
(298,	10,	77),
(299,	33,	77),
(300,	44,	78),
(301,	1,	78),
(302,	10,	78),
(303,	1,	79),
(304,	22,	79),
(305,	26,	79),
(306,	10,	79),
(307,	6,	80),
(308,	34,	80),
(310,	7,	80),
(311,	31,	81),
(312,	53,	81),
(313,	28,	81),
(314,	21,	81),
(315,	12,	81),
(316,	17,	81),
(318,	3,	82),
(319,	2,	82),
(320,	1,	83),
(321,	30,	83),
(322,	13,	83),
(323,	1,	84),
(324,	44,	84),
(325,	13,	84),
(326,	10,	84),
(327,	1,	85),
(328,	13,	85),
(329,	30,	85),
(330,	1,	86),
(331,	21,	86),
(332,	10,	86),
(333,	13,	86),
(334,	27,	87),
(335,	1,	87),
(336,	3,	88),
(337,	2,	88),
(338,	27,	89),
(339,	10,	89),
(340,	21,	89),
(341,	1,	89),
(342,	53,	90),
(343,	4,	90),
(344,	72,	91),
(345,	75,	91),
(346,	56,	91),
(347,	76,	91),
(348,	57,	91),
(350,	58,	91),
(351,	65,	91),
(352,	31,	91),
(353,	2,	91),
(354,	21,	91),
(355,	10,	91),
(356,	12,	91),
(357,	35,	92),
(358,	72,	92),
(359,	1,	92),
(360,	10,	92),
(361,	1,	93),
(362,	72,	93),
(363,	35,	93),
(364,	10,	93),
(365,	65,	93),
(366,	1,	94),
(367,	38,	94),
(368,	10,	94),
(369,	27,	94),
(370,	2,	95),
(371,	21,	95),
(372,	69,	95),
(373,	10,	95),
(374,	69,	96),
(375,	7,	96),
(376,	1,	96),
(377,	10,	96),
(378,	1,	97),
(379,	21,	97),
(380,	10,	97),
(381,	7,	97),
(382,	1,	98),
(383,	68,	98),
(384,	10,	98),
(385,	65,	98),
(386,	12,	99),
(387,	38,	99),
(388,	1,	99),
(389,	77,	99),
(390,	2,	100),
(392,	3,	100),
(396,	86,	2),
(398,	86,	60),
(400,	86,	81),
(402,	86,	12),
(404,	86,	77),
(406,	86,	59),
(408,	86,	28),
(410,	86,	36),
(412,	86,	8),
(414,	86,	79),
(416,	86,	99),
(420,	86,	30),
(422,	86,	47),
(424,	86,	46),
(426,	86,	28),
(428,	86,	58),
(430,	86,	62),
(432,	86,	23),
(434,	86,	84),
(436,	86,	15),
(438,	86,	39),
(440,	86,	43),
(442,	86,	38),
(444,	86,	5),
(446,	86,	85),
(448,	86,	83),
(450,	86,	16),
(452,	86,	18),
(454,	86,	65),
(456,	86,	14),
(458,	86,	86),
(460,	86,	67),
(462,	86,	24),
(464,	86,	61),
(466,	86,	31),
(470,	86,	14),
(472,	86,	8),
(476,	86,	74),
(478,	86,	89),
(480,	86,	34),
(484,	86,	87),
(486,	86,	60),
(488,	86,	7),
(490,	86,	26),
(492,	86,	54),
(494,	86,	19),
(498,	86,	37),
(499,	80,	96),
(500,	80,	96),
(502,	80,	53),
(503,	80,	53),
(505,	78,	65),
(507,	78,	94),
(510,	80,	37),
(511,	79,	27),
(512,	80,	68),
(513,	79,	39),
(514,	79,	9),
(515,	80,	89),
(516,	78,	61),
(517,	78,	43),
(518,	80,	76),
(519,	80,	5),
(520,	78,	56),
(521,	85,	93),
(522,	54,	93),
(523,	78,	93),
(524,	78,	85),
(525,	78,	34),
(526,	80,	83),
(527,	78,	69),
(528,	85,	69),
(529,	78,	25),
(530,	53,	25),
(532,	65,	29),
(533,	80,	18),
(534,	85,	92),
(535,	65,	92),
(536,	54,	92),
(537,	78,	92),
(540,	78,	47),
(541,	79,	73),
(542,	79,	14),
(543,	80,	97),
(544,	79,	79),
(545,	78,	66),
(546,	78,	46),
(547,	80,	86),
(548,	80,	32),
(549,	79,	4),
(550,	78,	64),
(551,	80,	35),
(552,	80,	24),
(553,	80,	98),
(554,	79,	78),
(555,	79,	71),
(556,	79,	6),
(557,	79,	40),
(558,	85,	6),
(559,	85,	13),
(560,	1,	13),
(561,	85,	27),
(562,	2,	101),
(563,	65,	101),
(564,	54,	101),
(565,	86,	101),
(566,	88,	72),
(568,	46,	102),
(569,	15,	102),
(570,	12,	102),
(571,	86,	102),
(572,	1,	102),
(573,	2,	102),
(574,	89,	102),
(576,	90,	103),
(577,	1,	103),
(578,	72,	103),
(580,	13,	103),
(581,	12,	103),
(582,	86,	103),
(583,	2,	104),
(584,	34,	104),
(585,	85,	104),
(586,	1,	105),
(587,	85,	105),
(588,	35,	105),
(589,	10,	105),
(590,	79,	105),
(591,	7,	105),
(592,	34,	105),
(593,	78,	106),
(594,	1,	107),
(595,	85,	107),
(596,	56,	107),
(597,	10,	107),
(598,	80,	107),
(599,	7,	107),
(600,	1,	108),
(601,	86,	108),
(602,	69,	108),
(603,	10,	108),
(605,	13,	108),
(606,	32,	109),
(607,	38,	109),
(608,	44,	109),
(609,	48,	109),
(610,	1,	109),
(611,	12,	109),
(612,	53,	109),
(614,	86,	110),
(615,	13,	110),
(616,	1,	110),
(618,	30,	110),
(619,	1,	111),
(620,	86,	111),
(622,	91,	111),
(623,	1,	112),
(624,	86,	112),
(625,	86,	112),
(626,	48,	112),
(627,	17,	112),
(628,	80,	112),
(630,	11,	112),
(631,	93,	112),
(632,	92,	112),
(633,	65,	113),
(634,	1,	115),
(635,	31,	115),
(636,	85,	115),
(637,	43,	115),
(638,	10,	115),
(639,	78,	115),
(640,	7,	115),
(641,	1,	119),
(642,	86,	119),
(643,	8,	119),
(644,	9,	119),
(645,	11,	119),
(646,	17,	119),
(647,	93,	119),
(648,	78,	119),
(650,	15,	120),
(651,	94,	120),
(652,	94,	121),
(654,	13,	121),
(656,	94,	123),
(657,	86,	123),
(658,	30,	123),
(659,	13,	123),
(661,	94,	124),
(662,	30,	124),
(663,	1,	126),
(664,	86,	126),
(665,	71,	126),
(666,	46,	126),
(667,	10,	126),
(669,	4,	127),
(670,	2,	128),
(671,	11,	128),
(672,	2,	129),
(673,	31,	129),
(674,	11,	129),
(675,	31,	130),
(676,	11,	130),
(677,	3,	131),
(678,	11,	131),
(679,	6,	132),
(680,	11,	132),
(681,	94,	133),
(682,	11,	133),
(683,	1,	134),
(684,	85,	134),
(685,	22,	134),
(686,	11,	134),
(687,	79,	134),
(688,	53,	134),
(689,	95,	134),
(690,	87,	135),
(691,	53,	135),
(692,	12,	135),
(693,	96,	135),
(694,	1,	136),
(695,	97,	136),
(696,	98,	136),
(697,	11,	136),
(698,	53,	136),
(699,	78,	136),
(700,	85,	136),
(701,	6,	137),
(702,	15,	137),
(703,	6,	138),
(704,	11,	138),
(705,	15,	138),
(706,	2,	139),
(707,	11,	139),
(708,	2,	140),
(709,	11,	140),
(711,	6,	141),
(712,	11,	141),
(713,	31,	142),
(716,	11,	142),
(717,	78,	142),
(718,	58,	142),
(719,	75,	142),
(720,	47,	142),
(721,	99,	142),
(722,	102,	142),
(723,	101,	142),
(724,	100,	142),
(727,	6,	143),
(728,	11,	143),
(729,	4,	144),
(730,	11,	144),
(731,	6,	145),
(732,	87,	145),
(733,	11,	145),
(734,	31,	146),
(735,	85,	146),
(736,	28,	146),
(737,	12,	146),
(738,	7,	146),
(739,	80,	146),
(740,	5,	147),
(741,	85,	147),
(742,	7,	147),
(743,	1,	148),
(744,	38,	148),
(745,	11,	148),
(746,	78,	148),
(747,	7,	148),
(748,	85,	148),
(749,	87,	148),
(750,	103,	148),
(751,	1,	149),
(752,	85,	149),
(753,	71,	149),
(754,	24,	149),
(755,	104,	149),
(756,	11,	149),
(757,	12,	149),
(758,	78,	149),
(759,	1,	150),
(760,	85,	150),
(761,	19,	150),
(762,	20,	150),
(763,	11,	150),
(764,	78,	150),
(765,	7,	150),
(766,	106,	151),
(767,	105,	152),
(768,	5,	152),
(769,	1,	153),
(770,	85,	153),
(771,	97,	153),
(772,	98,	153),
(773,	11,	153),
(774,	80,	153),
(775,	53,	153),
(776,	1,	154),
(777,	85,	154),
(778,	107,	154),
(779,	108,	154),
(780,	11,	154),
(781,	78,	154),
(782,	3,	155),
(783,	85,	155),
(784,	65,	155),
(785,	54,	155),
(786,	2,	156),
(787,	11,	156),
(788,	12,	156),
(789,	1,	157),
(790,	35,	157),
(791,	12,	157),
(792,	78,	157),
(795,	2,	158),
(796,	2,	159),
(797,	109,	159),
(798,	109,	158),
(799,	1,	160),
(800,	2,	160),
(801,	71,	160),
(802,	10,	160),
(803,	109,	160),
(805,	105,	161),
(806,	1,	161),
(807,	85,	161),
(810,	8,	161),
(811,	9,	161),
(812,	12,	161),
(813,	11,	161),
(814,	7,	161),
(815,	1,	162),
(816,	85,	162),
(817,	110,	162),
(818,	111,	162),
(819,	11,	162),
(820,	7,	162),
(821,	5,	163),
(822,	85,	163),
(823,	67,	163),
(824,	7,	163),
(825,	5,	164),
(826,	85,	164),
(828,	7,	164),
(829,	5,	165),
(830,	85,	165),
(831,	7,	165),
(832,	31,	166),
(833,	85,	166),
(834,	30,	166),
(835,	7,	166),
(836,	80,	166),
(837,	1,	167),
(838,	85,	167),
(839,	22,	167),
(840,	10,	167),
(841,	72,	167),
(842,	7,	167),
(843,	1,	21),
(844,	86,	21),
(845,	78,	21),
(847,	63,	21),
(848,	6,	106),
(849,	65,	106),
(850,	86,	1),
(851,	112,	95);

DROP TABLE IF EXISTS `tags_parents`;
CREATE TABLE `tags_parents` (
  `id` smallint(5) unsigned NOT NULL AUTO_INCREMENT,
  `name` varchar(255) COLLATE utf8_unicode_ci NOT NULL,
  `parent_order` smallint(5) unsigned NOT NULL,
  PRIMARY KEY (`id`)
) ENGINE=InnoDB DEFAULT CHARSET=utf8 COLLATE=utf8_unicode_ci;

INSERT INTO `tags_parents` (`id`, `name`, `parent_order`) VALUES
(1,	'Publication Types',	3),
(2,	'Metabolism Studies',	1),
(3,	'Countries',	4),
(4,	'Cities',	5),
(5,	'Scales',	6),
(6,	'Materials',	8),
(7,	'Time Horizons',	7),
(9,	'Methodologies',	2),
(10,	'Indicators and more',	9);

-- 2014-08-24 20:59:24

ALTER TABLE `mfa_data`
ADD `source_id` smallint(6) NULL AFTER `source_link`,
ADD FOREIGN KEY (`source_id`) REFERENCES `sources` (`id`),
COMMENT=''; -- 0.670 s

ALTER TABLE `mfa_data`
CHANGE `source` `source` varchar(255) COLLATE 'utf8_unicode_ci' NULL AFTER `comments`,
CHANGE `source_link` `source_link` varchar(255) COLLATE 'utf8_unicode_ci' NULL AFTER `source`,
COMMENT=''; -- 0.466 s

CREATE TABLE `mfa_dataset_types` (
  `id` tinyint(3) unsigned NOT NULL AUTO_INCREMENT,
  `name` varchar(100) COLLATE utf8_unicode_ci NOT NULL,
  PRIMARY KEY (`id`)
) ENGINE=InnoDB DEFAULT CHARSET=utf8 COLLATE=utf8_unicode_ci;

INSERT INTO `mfa_dataset_types` (`id`, `name`) VALUES
(1,	'National economy-wide MFA'),
(2,	'Urban economy-wide MFA'),
(3,	'Substance Flow Ananlysis');

ALTER TABLE `mfa_dataset`
ADD `type` tinyint(3) unsigned NOT NULL DEFAULT '2',
ADD FOREIGN KEY (`type`) REFERENCES `mfa_dataset_types` (`id`),
COMMENT=''; -- 0.551 s

ALTER TABLE `mfa_dataset`
CHANGE `type` `type` tinyint(3) unsigned NOT NULL AFTER `multiscale`,
COMMENT=''; -- 0.370 s

DELIMITER ;;
CREATE TRIGGER `mfa_activities_log_bu` BEFORE UPDATE ON `mfa_activities_log` FOR EACH ROW
BEGIN
      SET NEW.time = (UNIX_TIMESTAMP(NEW.end)-UNIX_TIMESTAMP(NEW.start))/60;
END;;
DELIMITER ; -- 0.253 s

CREATE TABLE `mfa_special_flags` (
  `id` mediumint unsigned NOT NULL AUTO_INCREMENT PRIMARY KEY,
  `name` varchar(100) NOT NULL
) COMMENT=''; -- 0.455 s

INSERT INTO `mfa_special_flags` (`name`)
VALUES ('High Priority'); -- 0.103 s

INSERT INTO `mfa_special_flags` (`name`)
VALUES ('On Standby'); -- 0.131 s

CREATE TABLE `mfa_sources_flags` (
  `id` int unsigned NOT NULL AUTO_INCREMENT PRIMARY KEY,
  `source` smallint(6) NOT NULL,
  `flag` mediumint(8) unsigned NOT NULL,
  FOREIGN KEY (`source`) REFERENCES `sources` (`id`),
  FOREIGN KEY (`flag`) REFERENCES `mfa_special_flags` (`id`)
) COMMENT=''; -- 0.447 s

CREATE TABLE `mfa_contacts_flags` (
  `id` int unsigned NOT NULL AUTO_INCREMENT PRIMARY KEY,
  `contact` int(10) unsigned NOT NULL,
  `flag` mediumint(8) unsigned NOT NULL,
  FOREIGN KEY (`contact`) REFERENCES `mfa_contacts` (`id`),
  FOREIGN KEY (`flag`) REFERENCES `mfa_special_flags` (`id`)
) COMMENT=''; -- 0.447 s

CREATE TABLE `mfa_files` (
  `id` int unsigned NOT NULL AUTO_INCREMENT PRIMARY KEY,
  `dataset` int(10) unsigned NOT NULL,
  `url` varchar(255) NOT NULL,
  `name` varchar(255) NOT NULL,
  `type` varchar(5) NOT NULL,
  `uploaded` timestamp NOT NULL,
  `source` smallint(6) NOT NULL,
  FOREIGN KEY (`dataset`) REFERENCES `mfa_dataset` (`id`),
  FOREIGN KEY (`source`) REFERENCES `sources` (`id`)
) COMMENT=''; -- 0.624 s

ALTER TABLE `mfa_files`
ADD `original_name` varchar(255) COLLATE 'utf8_unicode_ci' NOT NULL AFTER `name`,
ADD `size` int unsigned NOT NULL AFTER `original_name`,
COMMENT=''; -- 0.440 s

ALTER TABLE `mfa_files`
CHANGE `type` `type` varchar(50) COLLATE 'utf8_unicode_ci' NOT NULL AFTER `size`,
COMMENT=''; -- 0.010 s

CREATE TABLE `mfa_materials_notes` (
  `id` int NOT NULL,
  `material` mediumint(8) unsigned NOT NULL,
  `date` timestamp NOT NULL,
  `notes` text NOT NULL,
  FOREIGN KEY (`material`) REFERENCES `mfa_materials` (`id`)
) COMMENT='' ENGINE='InnoDB'; -- 0.545 s

ALTER TABLE `mfa_materials_notes`
CHANGE `id` `id` int(11) NOT NULL AUTO_INCREMENT PRIMARY KEY FIRST,
COMMENT=''; -- 0.678 s

ALTER TABLE `papers`
ADD `editor_comments` text COLLATE 'utf8_unicode_ci' NOT NULL AFTER `abstract_status`,
COMMENT=''; -- 0.044 s
